"GRP","pred_day","coin","SEQ","date","close_up","high_up","low_up"
"Set3","10-02 Day","0G",1,"10-03 Day","71%,(Buy,37)","38%,(Wait,20)","54%,(Wait,28)"
"Set3","10-02 Day","0G",2,"10-04 Day","61%,(Wait,25)","38%,(Wait,15)","41%,(Wait,17)"
"Set3","10-02 Day","0G",3,"10-05 Day","34%,(Wait,12)","19%,(Wait,5)","34%,(Wait,11)"
"Set3","10-02 Day","0G",4,"10-06 Day","11%,(Wait,3)","15%,(Sell,3)","0%,(Sell,0)"
"Set3","10-02 Day","0G",5,"10-07 Day","6%,(Sell,1)","7%,(Wait,2)","0%,(Sell,0)"
"Set3","10-02 Day","0G",6,"10-08 Day","8%,(Sell,1)","4%,(Wait,1)","0%,(Sell,0)"
"Set3","10-02 Day","1INCH",1,"10-02 Day","40%,(Wait,21)","38%,(Wait,20)","35%,(Sell,18)"
"Set3","10-02 Day","1INCH",2,"10-03 Day","16%,(Sell,7)","25%,(Wait,9)","42%,(Sell,13)"
"Set3","10-02 Day","1INCH",3,"10-04 Day","21%,(Wait,7)","3%,(Sell,1)","53%,(Sell,10)"
"Set3","10-02 Day","1INCH",4,"10-05 Day","0%,(Sell,0)","3%,(Sell,1)","6%,(Sell,1)"
"Set3","10-02 Day","1INCH",5,"10-06 Day","22%,(Wait,8)","9%,(Sell,3)","4%,(Wait,1)"
"Set3","10-02 Day","1INCH",6,"10-07 Day","38%,(Sell,11)","23%,(Wait,8)","29%,(Sell,6)"
"Set3","10-02 Day","2Z",1,"10-03 Day","57%,(Sell,13)","3%,(Sell,1)","27%,(Wait,9)"
"Set3","10-02 Day","2Z",2,"10-04 Day","28%,(Wait,11)","28%,(Sell,12)","19%,(Wait,5)"
"Set3","10-02 Day","2Z",3,"10-05 Day","52%,(Sell,12)","58%,(Wait,21)","19%,(Wait,6)"
"Set3","10-02 Day","2Z",4,"10-06 Day","100%,(Sell,17)","92%,(Buy,35)","45%,(Sell,9)"
"Set3","10-02 Day","2Z",5,"10-07 Day","83%,(Wait,20)","97%,(Buy,35)","75%,(Sell,12)"
"Set3","10-02 Day","2Z",6,"10-08 Day","61%,(Sell,11)","94%,(Sell,16)","71%,(Sell,15)"
"Set3","10-02 Day","A",1,"10-02 Day","46%,(Wait,23)","35%,(Sell,18)","51%,(Wait,26)"
"Set3","10-02 Day","A",2,"10-03 Day","33%,(Sell,8)","27%,(Sell,7)","56%,(Wait,25)"
"Set3","10-02 Day","A",3,"10-04 Day","30%,(Wait,11)","37%,(Wait,15)","32%,(Wait,10)"
"Set3","10-02 Day","A",4,"10-05 Day","45%,(Sell,5)","10%,(Wait,3)","18%,(Sell,7)"
"Set3","10-02 Day","A",5,"10-06 Day","26%,(Wait,9)","9%,(Sell,4)","30%,(Sell,8)"
"Set3","10-02 Day","A",6,"10-07 Day","29%,(Wait,9)","13%,(Sell,6)","17%,(Sell,4)"
"Set3","10-02 Day","A8",1,"10-02 Day","31%,(Sell,15)","29%,(Sell,15)","61%,(Buy,31)"
"Set3","10-02 Day","A8",2,"10-03 Day","19%,(Wait,6)","4%,(Sell,2)","24%,(Sell,6)"
"Set3","10-02 Day","A8",3,"10-04 Day","40%,(Sell,8)","8%,(Wait,2)","59%,(Sell,13)"
"Set3","10-02 Day","A8",4,"10-05 Day","20%,(Sell,3)","6%,(Sell,2)","6%,(Sell,2)"
"Set3","10-02 Day","A8",5,"10-06 Day","42%,(Sell,10)","10%,(Wait,3)","6%,(Sell,2)"
"Set3","10-02 Day","A8",6,"10-07 Day","29%,(Sell,4)","8%,(Sell,1)","13%,(Wait,4)"
"Set3","10-02 Day","AAVE",1,"10-02 Day","33%,(Sell,17)","30%,(Sell,15)","42%,(Wait,22)"
"Set3","10-02 Day","AAVE",2,"10-03 Day","35%,(Wait,12)","24%,(Wait,8)","33%,(Sell,16)"
"Set3","10-02 Day","AAVE",3,"10-04 Day","11%,(Sell,4)","18%,(Sell,7)","23%,(Sell,11)"
"Set3","10-02 Day","AAVE",4,"10-05 Day","10%,(Wait,3)","0%,(Sell,0)","10%,(Sell,4)"
"Set3","10-02 Day","AAVE",5,"10-06 Day","28%,(Wait,8)","11%,(Sell,4)","16%,(Sell,6)"
"Set3","10-02 Day","AAVE",6,"10-07 Day","3%,(Sell,1)","0%,(Sell,0)","9%,(Sell,3)"
"Set3","10-02 Day","ACE",1,"10-03 Day","42%,(Wait,22)","49%,(Wait,24)","37%,(Sell,19)"
"Set3","10-02 Day","ACE",2,"10-04 Day","9%,(Sell,4)","49%,(Wait,19)","32%,(Sell,7)"
"Set3","10-02 Day","ACE",3,"10-05 Day","10%,(Sell,5)","55%,(Sell,18)","8%,(Sell,3)"
"Set3","10-02 Day","ACE",4,"10-06 Day","6%,(Sell,2)","49%,(Wait,20)","0%,(Sell,0)"
"Set3","10-02 Day","ACE",5,"10-07 Day","7%,(Sell,3)","44%,(Wait,18)","7%,(Sell,3)"
"Set3","10-02 Day","ACE",6,"10-08 Day","8%,(Sell,3)","38%,(Wait,17)","0%,(Sell,0)"
"Set3","10-02 Day","ACH",1,"10-03 Day","18%,(Sell,9)","37%,(Sell,19)","68%,(Buy,32)"
"Set3","10-02 Day","ACH",2,"10-04 Day","19%,(Wait,7)","21%,(Sell,9)","41%,(Sell,12)"
"Set3","10-02 Day","ACH",3,"10-05 Day","34%,(Wait,12)","32%,(Sell,14)","78%,(Buy,32)"
"Set3","10-02 Day","ACH",4,"10-06 Day","33%,(Wait,10)","23%,(Wait,7)","65%,(Wait,22)"
"Set3","10-02 Day","ACH",5,"10-07 Day","18%,(Wait,5)","6%,(Wait,2)","21%,(Wait,7)"
"Set3","10-02 Day","ACH",6,"10-08 Day","14%,(Sell,6)","19%,(Wait,5)","7%,(Wait,2)"
"Set3","10-02 Day","ACS",1,"10-02 Day","67%,(Buy,35)","60%,(Buy,31)","67%,(Buy,35)"
"Set3","10-02 Day","ACS",2,"10-03 Day","73%,(Sell,16)","51%,(Wait,20)","80%,(Buy,35)"
"Set3","10-02 Day","ACS",3,"10-04 Day","91%,(Wait,21)","53%,(Sell,10)","66%,(Wait,21)"
"Set3","10-02 Day","ACS",4,"10-05 Day","73%,(Sell,11)","40%,(Sell,10)","78%,(Sell,14)"
"Set3","10-02 Day","ACS",5,"10-06 Day","65%,(Sell,13)","30%,(Sell,8)","71%,(Sell,12)"
"Set3","10-02 Day","ACS",6,"10-07 Day","62%,(Wait,23)","40%,(Sell,6)","74%,(Sell,17)"
"Set3","10-02 Day","ACX",1,"10-03 Day","56%,(Wait,27)","33%,(Sell,16)","47%,(Wait,24)"
"Set3","10-02 Day","ACX",2,"10-04 Day","45%,(Sell,14)","53%,(Wait,25)","57%,(Wait,25)"
"Set3","10-02 Day","ACX",3,"10-05 Day","42%,(Sell,14)","72%,(Wait,21)","43%,(Wait,16)"
"Set3","10-02 Day","ACX",4,"10-06 Day","29%,(Wait,10)","68%,(Sell,15)","13%,(Wait,4)"
"Set3","10-02 Day","ACX",5,"10-07 Day","36%,(Wait,14)","68%,(Wait,21)","14%,(Sell,3)"
"Set3","10-02 Day","ACX",6,"10-08 Day","30%,(Wait,12)","71%,(Wait,27)","24%,(Wait,7)"
"Set3","10-02 Day","ADA",1,"10-03 Day","54%,(Wait,28)","45%,(Wait,23)","38%,(Wait,20)"
"Set3","10-02 Day","ADA",2,"10-04 Day","38%,(Wait,15)","43%,(Wait,15)","25%,(Sell,11)"
"Set3","10-02 Day","ADA",3,"10-05 Day","18%,(Sell,8)","29%,(Wait,10)","31%,(Wait,9)"
"Set3","10-02 Day","ADA",4,"10-06 Day","23%,(Wait,7)","16%,(Wait,5)","14%,(Sell,3)"
"Set3","10-02 Day","ADA",5,"10-07 Day","20%,(Sell,2)","26%,(Sell,5)","25%,(Sell,5)"
"Set3","10-02 Day","ADA",6,"10-08 Day","54%,(Sell,14)","21%,(Sell,4)","45%,(Sell,5)"
"Set3","10-02 Day","ADP",1,"10-03 Day","65%,(Buy,34)","44%,(Wait,23)","69%,(Buy,36)"
"Set3","10-02 Day","ADP",2,"10-04 Day","69%,(Wait,22)","54%,(Wait,21)","53%,(Wait,20)"
"Set3","10-02 Day","ADP",3,"10-05 Day","54%,(Wait,21)","33%,(Sell,9)","44%,(Sell,12)"
"Set3","10-02 Day","ADP",4,"10-06 Day","36%,(Sell,9)","37%,(Sell,10)","34%,(Wait,13)"
"Set3","10-02 Day","ADP",5,"10-07 Day","17%,(Wait,5)","64%,(Sell,16)","27%,(Wait,9)"
"Set3","10-02 Day","ADP",6,"10-08 Day","17%,(Sell,3)","58%,(Sell,18)","26%,(Wait,7)"
"Set3","10-02 Day","AERO",1,"10-02 Day","48%,(Wait,23)","45%,(Wait,23)","38%,(Wait,20)"
"Set3","10-02 Day","AERO",2,"10-03 Day","32%,(Wait,11)","54%,(Wait,22)","49%,(Sell,18)"
"Set3","10-02 Day","AERO",3,"10-04 Day","17%,(Wait,5)","32%,(Wait,12)","50%,(Sell,13)"
"Set3","10-02 Day","AERO",4,"10-05 Day","16%,(Wait,4)","29%,(Wait,8)","45%,(Sell,9)"
"Set3","10-02 Day","AERO",5,"10-06 Day","25%,(Sell,3)","25%,(Wait,7)","47%,(Sell,7)"
"Set3","10-02 Day","AERO",6,"10-07 Day","48%,(Sell,11)","57%,(Sell,16)","57%,(Sell,8)"
"Set3","10-02 Day","AGI",1,"10-03 Day","44%,(Wait,23)","19%,(Sell,10)","40%,(Wait,21)"
"Set3","10-02 Day","AGI",2,"10-04 Day","35%,(Wait,13)","43%,(Wait,20)","13%,(Wait,4)"
"Set3","10-02 Day","AGI",3,"10-05 Day","33%,(Wait,11)","12%,(Sell,4)","3%,(Sell,1)"
"Set3","10-02 Day","AGI",4,"10-06 Day","26%,(Wait,10)","34%,(Wait,15)","13%,(Sell,2)"
"Set3","10-02 Day","AGI",5,"10-07 Day","22%,(Sell,9)","8%,(Wait,2)","42%,(Sell,5)"
"Set3","10-02 Day","AGI",6,"10-08 Day","18%,(Wait,6)","27%,(Sell,4)","54%,(Sell,7)"
"Set3","10-02 Day","AGLD",1,"10-02 Day","54%,(Wait,26)","38%,(Wait,20)","21%,(Sell,11)"
"Set3","10-02 Day","AGLD",2,"10-03 Day","68%,(Wait,27)","50%,(Sell,19)","21%,(Wait,7)"
"Set3","10-02 Day","AGLD",3,"10-04 Day","28%,(Wait,9)","50%,(Sell,18)","22%,(Sell,4)"
"Set3","10-02 Day","AGLD",4,"10-05 Day","37%,(Sell,7)","29%,(Wait,9)","44%,(Sell,11)"
"Set3","10-02 Day","AGLD",5,"10-06 Day","24%,(Sell,5)","32%,(Wait,12)","62%,(Sell,10)"
"Set3","10-02 Day","AGLD",6,"10-07 Day","11%,(Sell,2)","12%,(Wait,3)","45%,(Sell,9)"
"Set3","10-02 Day","AHT",1,"10-02 Day","69%,(Buy,36)","50%,(Wait,26)","33%,(Sell,17)"
"Set3","10-02 Day","AHT",2,"10-03 Day","54%,(Sell,19)","56%,(Wait,22)","23%,(Sell,9)"
"Set3","10-02 Day","AHT",3,"10-04 Day","15%,(Wait,4)","32%,(Sell,8)","41%,(Sell,12)"
"Set3","10-02 Day","AHT",4,"10-05 Day","44%,(Sell,12)","10%,(Wait,3)","10%,(Wait,3)"
"Set3","10-02 Day","AHT",5,"10-06 Day","30%,(Sell,8)","10%,(Wait,3)","11%,(Sell,2)"
"Set3","10-02 Day","AHT",6,"10-07 Day","9%,(Wait,3)","7%,(Wait,2)","21%,(Sell,3)"
"Set3","10-02 Day","AI",1,"10-02 Day","23%,(Sell,12)","38%,(Wait,20)","44%,(Wait,23)"
"Set3","10-02 Day","AI",2,"10-03 Day","3%,(Sell,1)","39%,(Sell,19)","8%,(Sell,4)"
"Set3","10-02 Day","AI",3,"10-04 Day","7%,(Wait,2)","6%,(Sell,2)","2%,(Sell,1)"
"Set3","10-02 Day","AI",4,"10-05 Day","11%,(Wait,3)","5%,(Sell,2)","2%,(Sell,1)"
"Set3","10-02 Day","AI",5,"10-06 Day","7%,(Sell,1)","5%,(Sell,2)","2%,(Sell,1)"
"Set3","10-02 Day","AI",6,"10-07 Day","43%,(Sell,6)","22%,(Wait,7)","4%,(Wait,1)"
"Set3","10-02 Day","AIOZ",1,"10-03 Day","63%,(Buy,33)","65%,(Buy,33)","35%,(Sell,18)"
"Set3","10-02 Day","AIOZ",2,"10-04 Day","61%,(Wait,20)","45%,(Wait,19)","51%,(Sell,19)"
"Set3","10-02 Day","AIOZ",3,"10-05 Day","78%,(Wait,29)","55%,(Wait,24)","39%,(Sell,9)"
"Set3","10-02 Day","AIOZ",4,"10-06 Day","67%,(Sell,16)","62%,(Wait,20)","70%,(Sell,19)"
"Set3","10-02 Day","AIOZ",5,"10-07 Day","44%,(Wait,17)","88%,(Sell,15)","73%,(Wait,22)"
"Set3","10-02 Day","AIOZ",6,"10-08 Day","62%,(Wait,23)","25%,(Sell,2)","76%,(Sell,16)"
"Set3","10-02 Day","AKT",1,"10-02 Day","27%,(Sell,14)","12%,(Sell,6)","38%,(Wait,20)"
"Set3","10-02 Day","AKT",2,"10-03 Day","32%,(Wait,13)","8%,(Sell,4)","36%,(Sell,17)"
"Set3","10-02 Day","AKT",3,"10-04 Day","55%,(Sell,12)","6%,(Wait,2)","52%,(Sell,14)"
"Set3","10-02 Day","AKT",4,"10-05 Day","52%,(Sell,14)","29%,(Sell,4)","46%,(Sell,6)"
"Set3","10-02 Day","AKT",5,"10-06 Day","50%,(Sell,5)","9%,(Sell,1)","58%,(Sell,7)"
"Set3","10-02 Day","AKT",6,"10-07 Day","25%,(Wait,7)","0%,(Sell,0)","36%,(Sell,4)"
"Set3","10-02 Day","AL",1,"10-02 Day","46%,(Wait,22)","23%,(Sell,10)","34%,(Wait,15)"
"Set3","10-02 Day","AL",2,"10-03 Day","26%,(Wait,10)","19%,(Sell,8)","50%,(Sell,16)"
"Set3","10-02 Day","AL",3,"10-04 Day","50%,(Sell,13)","8%,(Wait,2)","95%,(Wait,21)"
"Set3","10-02 Day","AL",4,"10-05 Day","36%,(Sell,8)","23%,(Sell,5)","89%,(Sell,8)"
"Set3","10-02 Day","AL",5,"10-06 Day","38%,(Sell,9)","18%,(Sell,4)","65%,(Sell,15)"
"Set3","10-02 Day","AL",6,"10-07 Day","12%,(Wait,3)","17%,(Wait,4)","46%,(Sell,16)"
"Set3","10-02 Day","ALGO",1,"10-02 Day","56%,(Wait,29)","14%,(Sell,7)","16%,(Sell,7)"
"Set3","10-02 Day","ALGO",2,"10-03 Day","26%,(Sell,12)","12%,(Sell,5)","34%,(Wait,12)"
"Set3","10-02 Day","ALGO",3,"10-04 Day","10%,(Sell,4)","0%,(Sell,0)","8%,(Sell,3)"
"Set3","10-02 Day","ALGO",4,"10-05 Day","6%,(Sell,2)","21%,(Sell,8)","28%,(Wait,9)"
"Set3","10-02 Day","ALGO",5,"10-06 Day","12%,(Wait,4)","15%,(Sell,3)","23%,(Sell,9)"
"Set3","10-02 Day","ALGO",6,"10-07 Day","3%,(Wait,1)","15%,(Wait,4)","33%,(Sell,9)"
"Set3","10-02 Day","ALICE",1,"10-03 Day","10%,(Sell,5)","6%,(Sell,3)","25%,(Sell,13)"
"Set3","10-02 Day","ALICE",2,"10-04 Day","10%,(Sell,4)","10%,(Sell,5)","17%,(Sell,7)"
"Set3","10-02 Day","ALICE",3,"10-05 Day","10%,(Sell,5)","0%,(Sell,0)","0%,(Sell,0)"
"Set3","10-02 Day","ALICE",4,"10-06 Day","0%,(Sell,0)","3%,(Sell,1)","2%,(Sell,1)"
"Set3","10-02 Day","ALICE",5,"10-07 Day","0%,(Sell,0)","0%,(Wait,0)","0%,(Sell,0)"
"Set3","10-02 Day","ALICE",6,"10-08 Day","7%,(Wait,2)","5%,(Wait,1)","24%,(Sell,4)"
"Set3","10-02 Day","ALLO",1,"10-02 Day","56%,(Wait,29)","38%,(Wait,20)","49%,(Wait,21)"
"Set3","10-02 Day","ALLO",2,"10-03 Day","77%,(Wait,27)","62%,(Wait,24)","61%,(Wait,23)"
"Set3","10-02 Day","ALLO",3,"10-04 Day","77%,(Buy,33)","61%,(Sell,14)","76%,(Wait,29)"
"Set3","10-02 Day","ALLO",4,"10-05 Day","76%,(Wait,25)","79%,(Wait,23)","85%,(Wait,28)"
"Set3","10-02 Day","ALLO",5,"10-06 Day","74%,(Sell,17)","82%,(Buy,36)","75%,(Wait,21)"
"Set3","10-02 Day","ALLO",6,"10-07 Day","90%,(Wait,28)","81%,(Buy,38)","79%,(Sell,19)"
"Set3","10-02 Day","ALT",1,"10-02 Day","13%,(Sell,7)","62%,(Buy,32)","15%,(Sell,8)"
"Set3","10-02 Day","ALT",2,"10-03 Day","42%,(Sell,14)","45%,(Wait,19)","18%,(Wait,6)"
"Set3","10-02 Day","ALT",3,"10-04 Day","41%,(Sell,11)","34%,(Wait,12)","47%,(Sell,17)"
"Set3","10-02 Day","ALT",4,"10-05 Day","25%,(Sell,6)","14%,(Sell,3)","39%,(Wait,14)"
"Set3","10-02 Day","ALT",5,"10-06 Day","23%,(Wait,6)","9%,(Wait,2)","41%,(Wait,14)"
"Set3","10-02 Day","ALT",6,"10-07 Day","50%,(Sell,15)","24%,(Wait,8)","59%,(Sell,16)"
"Set3","10-02 Day","AMO",1,"10-02 Day","52%,(Wait,27)","60%,(Buy,31)","65%,(Buy,33)"
"Set3","10-02 Day","AMO",2,"10-03 Day","63%,(Wait,26)","72%,(Wait,29)","48%,(Wait,21)"
"Set3","10-02 Day","AMO",3,"10-04 Day","61%,(Sell,19)","38%,(Sell,11)","41%,(Sell,9)"
"Set3","10-02 Day","AMO",4,"10-05 Day","28%,(Sell,7)","48%,(Sell,15)","36%,(Sell,5)"
"Set3","10-02 Day","AMO",5,"10-06 Day","12%,(Wait,3)","26%,(Sell,5)","10%,(Wait,3)"
"Set3","10-02 Day","AMO",6,"10-07 Day","12%,(Wait,4)","45%,(Sell,9)","3%,(Wait,1)"
"Set3","10-02 Day","AMP",1,"10-03 Day","23%,(Sell,12)","17%,(Sell,9)","31%,(Sell,16)"
"Set3","10-02 Day","AMP",2,"10-04 Day","34%,(Sell,16)","19%,(Sell,9)","24%,(Wait,8)"
"Set3","10-02 Day","AMP",3,"10-05 Day","35%,(Wait,12)","19%,(Sell,3)","20%,(Wait,5)"
"Set3","10-02 Day","AMP",4,"10-06 Day","19%,(Wait,5)","22%,(Wait,6)","36%,(Sell,5)"
"Set3","10-02 Day","AMP",5,"10-07 Day","4%,(Wait,1)","10%,(Sell,1)","12%,(Sell,1)"
"Set3","10-02 Day","AMP",6,"10-08 Day","3%,(Sell,1)","22%,(Sell,5)","0%,(Sell,0)"
"Set3","10-02 Day","ANIME",1,"10-02 Day","38%,(Wait,20)","58%,(Buy,30)","44%,(Wait,23)"
"Set3","10-02 Day","ANIME",2,"10-03 Day","38%,(Wait,15)","58%,(Sell,18)","25%,(Sell,10)"
"Set3","10-02 Day","ANIME",3,"10-04 Day","47%,(Sell,9)","48%,(Sell,11)","19%,(Wait,7)"
"Set3","10-02 Day","ANIME",4,"10-05 Day","50%,(Sell,5)","48%,(Sell,14)","15%,(Wait,5)"
"Set3","10-02 Day","ANIME",5,"10-06 Day","97%,(Wait,28)","48%,(Sell,13)","17%,(Wait,4)"
"Set3","10-02 Day","ANIME",6,"10-07 Day","88%,(Wait,21)","86%,(Sell,18)","36%,(Sell,4)"
"Set3","10-02 Day","ANKR",1,"10-02 Day","27%,(Sell,14)","42%,(Wait,22)","40%,(Wait,21)"
"Set3","10-02 Day","ANKR",2,"10-03 Day","52%,(Wait,24)","81%,(Wait,29)","67%,(Wait,29)"
"Set3","10-02 Day","ANKR",3,"10-04 Day","24%,(Sell,6)","64%,(Sell,14)","73%,(Sell,19)"
"Set3","10-02 Day","ANKR",4,"10-05 Day","26%,(Sell,6)","63%,(Sell,12)","38%,(Sell,6)"
"Set3","10-02 Day","ANKR",5,"10-06 Day","28%,(Wait,11)","62%,(Sell,13)","37%,(Sell,11)"
"Set3","10-02 Day","ANKR",6,"10-07 Day","34%,(Sell,10)","33%,(Sell,7)","31%,(Sell,8)"
"Set3","10-02 Day","APE",1,"10-03 Day","33%,(Sell,17)","36%,(Sell,17)","37%,(Sell,19)"
"Set3","10-02 Day","APE",2,"10-04 Day","12%,(Sell,5)","41%,(Wait,19)","34%,(Wait,15)"
"Set3","10-02 Day","APE",3,"10-05 Day","10%,(Wait,3)","27%,(Wait,10)","36%,(Wait,13)"
"Set3","10-02 Day","APE",4,"10-06 Day","62%,(Wait,20)","39%,(Wait,16)","41%,(Sell,11)"
"Set3","10-02 Day","APE",5,"10-07 Day","88%,(Wait,29)","55%,(Sell,11)","45%,(Wait,17)"
"Set3","10-02 Day","APE",6,"10-08 Day","72%,(Wait,29)","65%,(Wait,22)","68%,(Wait,27)"
"Set3","10-02 Day","API3",1,"10-02 Day","27%,(Sell,14)","35%,(Sell,18)","35%,(Sell,18)"
"Set3","10-02 Day","API3",2,"10-03 Day","9%,(Wait,3)","63%,(Wait,27)","37%,(Wait,14)"
"Set3","10-02 Day","API3",3,"10-04 Day","24%,(Wait,9)","40%,(Sell,8)","44%,(Sell,12)"
"Set3","10-02 Day","API3",4,"10-05 Day","12%,(Sell,2)","25%,(Sell,6)","30%,(Wait,9)"
"Set3","10-02 Day","API3",5,"10-06 Day","61%,(Sell,19)","35%,(Wait,14)","33%,(Sell,8)"
"Set3","10-02 Day","API3",6,"10-07 Day","52%,(Sell,16)","71%,(Sell,12)","35%,(Sell,9)"
"Set3","10-02 Day","APT",1,"10-03 Day","42%,(Wait,22)","44%,(Wait,23)","54%,(Wait,28)"
"Set3","10-02 Day","APT",2,"10-04 Day","52%,(Sell,17)","50%,(Wait,20)","67%,(Wait,26)"
"Set3","10-02 Day","APT",3,"10-05 Day","69%,(Wait,25)","65%,(Wait,24)","72%,(Wait,23)"
"Set3","10-02 Day","APT",4,"10-06 Day","42%,(Sell,10)","83%,(Wait,20)","72%,(Sell,13)"
"Set3","10-02 Day","APT",5,"10-07 Day","61%,(Wait,20)","86%,(Wait,24)","49%,(Wait,19)"
"Set3","10-02 Day","APT",6,"10-08 Day","55%,(Sell,16)","82%,(Sell,18)","42%,(Sell,13)"
"Set3","10-02 Day","AR",1,"10-02 Day","46%,(Wait,24)","56%,(Wait,29)","58%,(Buy,30)"
"Set3","10-02 Day","AR",2,"10-03 Day","21%,(Sell,8)","28%,(Sell,12)","35%,(Sell,9)"
"Set3","10-02 Day","AR",3,"10-04 Day","38%,(Sell,10)","42%,(Wait,16)","16%,(Sell,6)"
"Set3","10-02 Day","AR",4,"10-05 Day","15%,(Sell,6)","39%,(Wait,15)","12%,(Wait,4)"
"Set3","10-02 Day","AR",5,"10-06 Day","6%,(Sell,2)","39%,(Wait,17)","31%,(Wait,11)"
"Set3","10-02 Day","AR",6,"10-07 Day","5%,(Sell,2)","37%,(Wait,13)","27%,(Sell,11)"
"Set3","10-02 Day","ARB",1,"10-03 Day","38%,(Wait,20)","43%,(Wait,21)","62%,(Buy,31)"
"Set3","10-02 Day","ARB",2,"10-04 Day","37%,(Sell,18)","60%,(Wait,25)","39%,(Wait,18)"
"Set3","10-02 Day","ARB",3,"10-05 Day","18%,(Wait,6)","33%,(Sell,7)","7%,(Sell,3)"
"Set3","10-02 Day","ARB",4,"10-06 Day","30%,(Wait,11)","40%,(Sell,8)","10%,(Wait,3)"
"Set3","10-02 Day","ARB",5,"10-07 Day","48%,(Sell,10)","43%,(Wait,15)","21%,(Wait,6)"
"Set3","10-02 Day","ARB",6,"10-08 Day","45%,(Sell,13)","50%,(Wait,21)","14%,(Wait,4)"
"Set3","10-02 Day","ARDR",1,"10-02 Day","29%,(Sell,15)","70%,(Buy,35)","57%,(Wait,28)"
"Set3","10-02 Day","ARDR",2,"10-03 Day","44%,(Wait,18)","31%,(Wait,11)","51%,(Wait,20)"
"Set3","10-02 Day","ARDR",3,"10-04 Day","70%,(Wait,21)","10%,(Wait,3)","51%,(Sell,18)"
"Set3","10-02 Day","ARDR",4,"10-05 Day","65%,(Sell,17)","4%,(Wait,1)","42%,(Sell,13)"
"Set3","10-02 Day","ARDR",5,"10-06 Day","50%,(Sell,4)","11%,(Wait,3)","30%,(Wait,9)"
"Set3","10-02 Day","ARDR",6,"10-07 Day","11%,(Sell,1)","17%,(Wait,4)","3%,(Sell,1)"
"Set3","10-02 Day","ARK",1,"10-03 Day","69%,(Buy,36)","21%,(Sell,11)","35%,(Sell,17)"
"Set3","10-02 Day","ARK",2,"10-04 Day","61%,(Wait,22)","57%,(Wait,25)","37%,(Wait,15)"
"Set3","10-02 Day","ARK",3,"10-05 Day","5%,(Wait,1)","57%,(Wait,24)","44%,(Wait,16)"
"Set3","10-02 Day","ARK",4,"10-06 Day","0%,(Sell,0)","10%,(Sell,2)","29%,(Sell,5)"
"Set3","10-02 Day","ARK",5,"10-07 Day","56%,(Sell,5)","8%,(Sell,1)","5%,(Wait,1)"
"Set3","10-02 Day","ARK",6,"10-08 Day","0%,(Sell,0)","0%,(Sell,0)","6%,(Sell,1)"
"Set3","10-02 Day","ARKM",1,"10-02 Day","27%,(Sell,14)","40%,(Wait,21)","52%,(Wait,27)"
"Set3","10-02 Day","ARKM",2,"10-03 Day","10%,(Sell,4)","17%,(Sell,8)","11%,(Sell,4)"
"Set3","10-02 Day","ARKM",3,"10-04 Day","16%,(Sell,7)","44%,(Sell,15)","2%,(Sell,1)"
"Set3","10-02 Day","ARKM",4,"10-05 Day","14%,(Sell,5)","31%,(Wait,10)","8%,(Sell,3)"
"Set3","10-02 Day","ARKM",5,"10-06 Day","10%,(Wait,3)","44%,(Sell,14)","0%,(Wait,0)"
"Set3","10-02 Day","ARKM",6,"10-07 Day","59%,(Sell,19)","28%,(Sell,5)","0%,(Wait,0)"
"Set3","10-02 Day","ARPA",1,"10-02 Day","27%,(Sell,14)","31%,(Sell,16)","38%,(Wait,20)"
"Set3","10-02 Day","ARPA",2,"10-03 Day","24%,(Sell,11)","36%,(Wait,16)","19%,(Sell,7)"
"Set3","10-02 Day","ARPA",3,"10-04 Day","11%,(Sell,4)","35%,(Wait,15)","17%,(Sell,7)"
"Set3","10-02 Day","ARPA",4,"10-05 Day","18%,(Wait,5)","32%,(Wait,13)","4%,(Wait,1)"
"Set3","10-02 Day","ARPA",5,"10-06 Day","12%,(Sell,2)","42%,(Sell,13)","3%,(Wait,1)"
"Set3","10-02 Day","ARPA",6,"10-07 Day","68%,(Sell,19)","26%,(Sell,6)","5%,(Sell,1)"
"Set3","10-02 Day","ASTER",1,"10-02 Day","65%,(Buy,33)","29%,(Sell,15)","25%,(Sell,13)"
"Set3","10-02 Day","ASTER",2,"10-03 Day","73%,(Buy,32)","56%,(Sell,18)","45%,(Wait,17)"
"Set3","10-02 Day","ASTER",3,"10-04 Day","33%,(Wait,10)","41%,(Sell,13)","36%,(Wait,12)"
"Set3","10-02 Day","ASTER",4,"10-05 Day","4%,(Wait,1)","0%,(Wait,0)","27%,(Sell,4)"
"Set3","10-02 Day","ASTER",5,"10-06 Day","11%,(Wait,3)","0%,(Wait,0)","73%,(Sell,8)"
"Set3","10-02 Day","ASTER",6,"10-07 Day","0%,(Wait,0)","0%,(Wait,0)","89%,(Sell,16)"
"Set3","10-02 Day","ASTR",1,"10-03 Day","33%,(Sell,17)","48%,(Wait,25)","37%,(Sell,19)"
"Set3","10-02 Day","ASTR",2,"10-04 Day","44%,(Wait,19)","53%,(Sell,19)","38%,(Wait,14)"
"Set3","10-02 Day","ASTR",3,"10-05 Day","5%,(Wait,1)","40%,(Wait,14)","37%,(Sell,11)"
"Set3","10-02 Day","ASTR",4,"10-06 Day","42%,(Sell,11)","41%,(Sell,12)","20%,(Wait,5)"
"Set3","10-02 Day","ASTR",5,"10-07 Day","44%,(Sell,11)","35%,(Sell,6)","24%,(Sell,6)"
"Set3","10-02 Day","ASTR",6,"10-08 Day","73%,(Sell,11)","60%,(Sell,9)","6%,(Sell,1)"
"Set3","10-02 Day","ATH",1,"10-02 Day","54%,(Wait,28)","62%,(Buy,32)","33%,(Sell,17)"
"Set3","10-02 Day","ATH",2,"10-03 Day","44%,(Sell,11)","61%,(Sell,14)","16%,(Wait,4)"
"Set3","10-02 Day","ATH",3,"10-04 Day","52%,(Sell,15)","86%,(Wait,25)","29%,(Sell,6)"
"Set3","10-02 Day","ATH",4,"10-05 Day","33%,(Sell,7)","62%,(Sell,16)","62%,(Sell,13)"
"Set3","10-02 Day","ATH",5,"10-06 Day","17%,(Sell,4)","87%,(Wait,20)","80%,(Sell,16)"
"Set3","10-02 Day","ATH",6,"10-07 Day","50%,(Sell,4)","92%,(Sell,12)","44%,(Sell,12)"
"Set3","10-02 Day","ATOM",1,"10-02 Day","49%,(Wait,25)","48%,(Wait,25)","48%,(Wait,25)"
"Set3","10-02 Day","ATOM",2,"10-03 Day","24%,(Wait,8)","47%,(Wait,18)","34%,(Wait,14)"
"Set3","10-02 Day","ATOM",3,"10-04 Day","31%,(Wait,10)","39%,(Sell,9)","32%,(Wait,10)"
"Set3","10-02 Day","ATOM",4,"10-05 Day","41%,(Wait,18)","23%,(Wait,6)","29%,(Wait,8)"
"Set3","10-02 Day","ATOM",5,"10-06 Day","57%,(Sell,12)","41%,(Wait,15)","33%,(Sell,7)"
"Set3","10-02 Day","ATOM",6,"10-07 Day","40%,(Sell,10)","52%,(Sell,11)","41%,(Sell,13)"
"Set3","10-02 Day","AUCTION",1,"10-03 Day","21%,(Sell,11)","19%,(Sell,10)","35%,(Sell,18)"
"Set3","10-02 Day","AUCTION",2,"10-04 Day","23%,(Sell,10)","33%,(Wait,14)","38%,(Wait,12)"
"Set3","10-02 Day","AUCTION",3,"10-05 Day","42%,(Sell,14)","60%,(Wait,21)","74%,(Sell,17)"
"Set3","10-02 Day","AUCTION",4,"10-06 Day","71%,(Sell,15)","78%,(Wait,29)","55%,(Sell,18)"
"Set3","10-02 Day","AUCTION",5,"10-07 Day","89%,(Wait,25)","98%,(Buy,39)","64%,(Sell,16)"
"Set3","10-02 Day","AUCTION",6,"10-08 Day","93%,(Wait,25)","98%,(Buy,40)","41%,(Sell,11)"
"Set3","10-02 Day","AUDIO",1,"10-03 Day","13%,(Sell,7)","10%,(Sell,4)","17%,(Sell,9)"
"Set3","10-02 Day","AUDIO",2,"10-04 Day","3%,(Sell,1)","12%,(Wait,3)","5%,(Sell,2)"
"Set3","10-02 Day","AUDIO",3,"10-05 Day","0%,(Sell,0)","8%,(Wait,2)","0%,(Sell,0)"
"Set3","10-02 Day","AUDIO",4,"10-06 Day","29%,(Wait,10)","43%,(Wait,15)","5%,(Sell,1)"
"Set3","10-02 Day","AUDIO",5,"10-07 Day","6%,(Sell,2)","9%,(Wait,2)","0%,(Sell,0)"
"Set3","10-02 Day","AUDIO",6,"10-08 Day","8%,(Wait,2)","30%,(Sell,13)","0%,(Sell,0)"
"Set3","10-02 Day","AVAIL",1,"10-03 Day","13%,(Sell,7)","42%,(Wait,20)","38%,(Sell,19)"
"Set3","10-02 Day","AVAIL",2,"10-04 Day","12%,(Sell,5)","9%,(Sell,4)","19%,(Sell,9)"
"Set3","10-02 Day","AVAIL",3,"10-05 Day","3%,(Sell,1)","40%,(Wait,17)","5%,(Sell,2)"
"Set3","10-02 Day","AVAIL",4,"10-06 Day","4%,(Wait,1)","3%,(Sell,1)","12%,(Sell,4)"
"Set3","10-02 Day","AVAIL",5,"10-07 Day","16%,(Wait,5)","0%,(Sell,0)","22%,(Wait,6)"
"Set3","10-02 Day","AVAIL",6,"10-08 Day","35%,(Wait,13)","6%,(Sell,2)","42%,(Sell,8)"
"Set3","10-02 Day","AVAX",1,"10-03 Day","60%,(Buy,31)","27%,(Sell,14)","32%,(Sell,16)"
"Set3","10-02 Day","AVAX",2,"10-04 Day","46%,(Sell,16)","40%,(Wait,17)","52%,(Sell,15)"
"Set3","10-02 Day","AVAX",3,"10-05 Day","34%,(Sell,16)","35%,(Wait,11)","19%,(Wait,5)"
"Set3","10-02 Day","AVAX",4,"10-06 Day","24%,(Wait,9)","48%,(Sell,16)","9%,(Sell,3)"
"Set3","10-02 Day","AVAX",5,"10-07 Day","20%,(Sell,8)","22%,(Wait,8)","5%,(Sell,2)"
"Set3","10-02 Day","AVAX",6,"10-08 Day","15%,(Wait,5)","19%,(Wait,5)","3%,(Sell,1)"
"Set3","10-02 Day","AVL",1,"10-03 Day","44%,(Wait,23)","67%,(Buy,30)","67%,(Buy,35)"
"Set3","10-02 Day","AVL",2,"10-04 Day","16%,(Wait,4)","47%,(Sell,15)","37%,(Wait,14)"
"Set3","10-02 Day","AVL",3,"10-05 Day","22%,(Wait,6)","41%,(Sell,13)","24%,(Sell,6)"
"Set3","10-02 Day","AVL",4,"10-06 Day","21%,(Sell,5)","51%,(Sell,18)","19%,(Sell,7)"
"Set3","10-02 Day","AVL",5,"10-07 Day","29%,(Sell,7)","73%,(Sell,11)","17%,(Wait,6)"
"Set3","10-02 Day","AVL",6,"10-08 Day","73%,(Wait,22)","71%,(Sell,17)","60%,(Sell,12)"
"Set3","10-02 Day","AVNT",1,"10-02 Day","19%,(Sell,10)","37%,(Sell,19)","45%,(Wait,23)"
"Set3","10-02 Day","AVNT",2,"10-03 Day","21%,(Wait,7)","34%,(Wait,11)","7%,(Wait,2)"
"Set3","10-02 Day","AVNT",3,"10-04 Day","47%,(Sell,17)","70%,(Wait,23)","0%,(Sell,0)"
"Set3","10-02 Day","AVNT",4,"10-05 Day","0%,(Sell,0)","62%,(Sell,18)","0%,(Sell,0)"
"Set3","10-02 Day","AVNT",5,"10-06 Day","0%,(Sell,0)","10%,(Sell,2)","10%,(Wait,3)"
"Set3","10-02 Day","AVNT",6,"10-07 Day","22%,(Sell,4)","0%,(Wait,0)","11%,(Wait,3)"
"Set3","10-02 Day","AWE",1,"10-02 Day","23%,(Sell,12)","12%,(Sell,6)","19%,(Sell,9)"
"Set3","10-02 Day","AWE",2,"10-03 Day","4%,(Wait,1)","17%,(Sell,8)","4%,(Wait,1)"
"Set3","10-02 Day","AWE",3,"10-04 Day","4%,(Sell,2)","3%,(Sell,1)","4%,(Sell,2)"
"Set3","10-02 Day","AWE",4,"10-05 Day","0%,(Sell,0)","6%,(Sell,2)","0%,(Wait,0)"
"Set3","10-02 Day","AWE",5,"10-06 Day","0%,(Sell,0)","4%,(Wait,1)","0%,(Sell,0)"
"Set3","10-02 Day","AWE",6,"10-07 Day","3%,(Sell,1)","0%,(Wait,0)","0%,(Wait,0)"
"Set3","10-02 Day","AXS",1,"10-02 Day","38%,(Wait,20)","15%,(Sell,8)","23%,(Sell,12)"
"Set3","10-02 Day","AXS",2,"10-03 Day","50%,(Sell,15)","16%,(Wait,4)","12%,(Wait,4)"
"Set3","10-02 Day","AXS",3,"10-04 Day","5%,(Sell,1)","19%,(Sell,4)","4%,(Wait,1)"
"Set3","10-02 Day","AXS",4,"10-05 Day","28%,(Wait,11)","45%,(Wait,17)","4%,(Wait,1)"
"Set3","10-02 Day","AXS",5,"10-06 Day","17%,(Wait,5)","49%,(Wait,19)","10%,(Wait,3)"
"Set3","10-02 Day","AXS",6,"10-07 Day","0%,(Sell,0)","36%,(Sell,10)","13%,(Wait,3)"
"Set3","10-02 Day","AZIT",1,"10-02 Day","67%,(Buy,35)","31%,(Sell,16)","67%,(Buy,35)"
"Set3","10-02 Day","AZIT",2,"10-03 Day","34%,(Wait,12)","56%,(Wait,20)","51%,(Wait,21)"
"Set3","10-02 Day","AZIT",3,"10-04 Day","18%,(Wait,6)","26%,(Wait,9)","58%,(Sell,19)"
"Set3","10-02 Day","AZIT",4,"10-05 Day","15%,(Wait,5)","50%,(Sell,11)","28%,(Sell,5)"
"Set3","10-02 Day","AZIT",5,"10-06 Day","25%,(Wait,9)","29%,(Sell,7)","17%,(Wait,6)"
"Set3","10-02 Day","AZIT",6,"10-07 Day","17%,(Wait,4)","28%,(Wait,8)","33%,(Sell,2)"
"Set3","10-02 Day","AZTEC",1,"10-02 Day","31%,(Sell,16)","38%,(Wait,20)","52%,(Wait,27)"
"Set3","10-02 Day","AZTEC",2,"10-03 Day","56%,(Wait,22)","75%,(Sell,18)","62%,(Sell,18)"
"Set3","10-02 Day","AZTEC",3,"10-04 Day","47%,(Sell,14)","61%,(Wait,20)","54%,(Wait,21)"
"Set3","10-02 Day","AZTEC",4,"10-05 Day","46%,(Sell,12)","57%,(Wait,20)","38%,(Sell,11)"
"Set3","10-02 Day","AZTEC",5,"10-06 Day","40%,(Sell,6)","64%,(Wait,21)","32%,(Wait,12)"
"Set3","10-02 Day","AZTEC",6,"10-07 Day","5%,(Wait,1)","39%,(Sell,9)","17%,(Wait,4)"
"Set3","10-02 Day","B3",1,"10-02 Day","16%,(Sell,7)","67%,(Buy,35)","13%,(Sell,7)"
"Set3","10-02 Day","B3",2,"10-03 Day","31%,(Wait,11)","59%,(Sell,16)","21%,(Sell,8)"
"Set3","10-02 Day","B3",3,"10-04 Day","9%,(Wait,2)","15%,(Wait,5)","21%,(Sell,9)"
"Set3","10-02 Day","B3",4,"10-05 Day","0%,(Wait,0)","11%,(Sell,4)","23%,(Sell,9)"
"Set3","10-02 Day","B3",5,"10-06 Day","6%,(Sell,2)","0%,(Wait,0)","0%,(Sell,0)"
"Set3","10-02 Day","B3",6,"10-07 Day","8%,(Wait,2)","10%,(Wait,3)","3%,(Wait,1)"
"Set3","10-02 Day","BABY",1,"10-02 Day","37%,(Sell,19)","42%,(Wait,22)","40%,(Wait,21)"
"Set3","10-02 Day","BABY",2,"10-03 Day","38%,(Wait,15)","19%,(Sell,3)","41%,(Wait,16)"
"Set3","10-02 Day","BABY",3,"10-04 Day","44%,(Sell,14)","15%,(Wait,4)","47%,(Sell,15)"
"Set3","10-02 Day","BABY",4,"10-05 Day","6%,(Sell,2)","9%,(Sell,3)","23%,(Sell,9)"
"Set3","10-02 Day","BABY",5,"10-06 Day","23%,(Wait,7)","11%,(Sell,4)","4%,(Sell,2)"
"Set3","10-02 Day","BABY",6,"10-07 Day","20%,(Wait,7)","7%,(Wait,2)","6%,(Sell,2)"
"Set3","10-02 Day","BARD",1,"10-03 Day","63%,(Buy,33)","17%,(Sell,9)","33%,(Sell,17)"
"Set3","10-02 Day","BARD",2,"10-04 Day","22%,(Sell,9)","38%,(Wait,18)","15%,(Wait,5)"
"Set3","10-02 Day","BARD",3,"10-05 Day","17%,(Wait,4)","47%,(Wait,18)","8%,(Wait,2)"
"Set3","10-02 Day","BARD",4,"10-06 Day","8%,(Sell,1)","19%,(Sell,4)","5%,(Wait,1)"
"Set3","10-02 Day","BARD",5,"10-07 Day","12%,(Sell,1)","5%,(Sell,1)","0%,(Sell,0)"
"Set3","10-02 Day","BARD",6,"10-08 Day","33%,(Sell,8)","15%,(Sell,2)","5%,(Wait,1)"
"Set3","10-02 Day","BASED",1,"10-02 Day","58%,(Wait,28)","73%,(Buy,32)","37%,(Sell,19)"
"Set3","10-02 Day","BASED",2,"10-03 Day","81%,(Wait,22)","42%,(Wait,16)","56%,(Wait,25)"
"Set3","10-02 Day","BASED",3,"10-04 Day","87%,(Wait,26)","51%,(Wait,22)","62%,(Sell,18)"
"Set3","10-02 Day","BASED",4,"10-05 Day","96%,(Wait,24)","66%,(Wait,29)","88%,(Wait,29)"
"Set3","10-02 Day","BASED",5,"10-06 Day","97%,(Wait,28)","74%,(Sell,14)","66%,(Sell,19)"
"Set3","10-02 Day","BASED",6,"10-07 Day","90%,(Sell,18)","50%,(Sell,5)","79%,(Wait,26)"
"Set3","10-02 Day","BAT",1,"10-02 Day","44%,(Wait,23)","41%,(Wait,19)","62%,(Buy,32)"
"Set3","10-02 Day","BAT",2,"10-03 Day","62%,(Wait,25)","32%,(Wait,12)","50%,(Sell,19)"
"Set3","10-02 Day","BAT",3,"10-04 Day","49%,(Sell,18)","23%,(Sell,5)","23%,(Wait,7)"
"Set3","10-02 Day","BAT",4,"10-05 Day","25%,(Sell,6)","10%,(Sell,2)","37%,(Wait,13)"
"Set3","10-02 Day","BAT",5,"10-06 Day","37%,(Sell,10)","20%,(Sell,2)","26%,(Wait,9)"
"Set3","10-02 Day","BAT",6,"10-07 Day","64%,(Wait,23)","21%,(Sell,4)","19%,(Sell,4)"
"Set3","10-02 Day","BB",1,"10-02 Day","48%,(Wait,23)","62%,(Buy,32)","45%,(Wait,23)"
"Set3","10-02 Day","BB",2,"10-03 Day","45%,(Wait,19)","42%,(Wait,15)","40%,(Wait,17)"
"Set3","10-02 Day","BB",3,"10-04 Day","27%,(Wait,10)","22%,(Wait,8)","30%,(Wait,11)"
"Set3","10-02 Day","BB",4,"10-05 Day","26%,(Wait,7)","10%,(Wait,3)","14%,(Wait,4)"
"Set3","10-02 Day","BB",5,"10-06 Day","29%,(Sell,7)","17%,(Sell,3)","17%,(Wait,5)"
"Set3","10-02 Day","BB",6,"10-07 Day","50%,(Sell,15)","41%,(Sell,9)","15%,(Sell,3)"
"Set3","10-02 Day","BCH",1,"10-03 Day","58%,(Buy,30)","42%,(Wait,21)","37%,(Sell,19)"
"Set3","10-02 Day","BCH",2,"10-04 Day","41%,(Wait,18)","62%,(Wait,23)","40%,(Wait,17)"
"Set3","10-02 Day","BCH",3,"10-05 Day","46%,(Wait,17)","45%,(Sell,13)","44%,(Sell,12)"
"Set3","10-02 Day","BCH",4,"10-06 Day","29%,(Sell,12)","35%,(Wait,13)","38%,(Wait,15)"
"Set3","10-02 Day","BCH",5,"10-07 Day","14%,(Sell,3)","20%,(Wait,7)","21%,(Sell,5)"
"Set3","10-02 Day","BCH",6,"10-08 Day","33%,(Wait,10)","36%,(Wait,13)","43%,(Sell,6)"
"Set3","10-02 Day","BEAM",1,"10-02 Day","40%,(Wait,21)","54%,(Wait,28)","38%,(Wait,20)"
"Set3","10-02 Day","BEAM",2,"10-03 Day","42%,(Wait,18)","45%,(Wait,18)","28%,(Sell,13)"
"Set3","10-02 Day","BEAM",3,"10-04 Day","23%,(Sell,9)","18%,(Sell,3)","16%,(Wait,4)"
"Set3","10-02 Day","BEAM",4,"10-05 Day","16%,(Wait,4)","11%,(Sell,4)","5%,(Sell,1)"
"Set3","10-02 Day","BEAM",5,"10-06 Day","21%,(Wait,6)","9%,(Sell,3)","12%,(Wait,3)"
"Set3","10-02 Day","BEAM",6,"10-07 Day","8%,(Wait,2)","13%,(Wait,4)","15%,(Sell,3)"
"Set3","10-02 Day","BEL",1,"10-02 Day","19%,(Sell,10)","40%,(Wait,17)","35%,(Sell,16)"
"Set3","10-02 Day","BEL",2,"10-03 Day","37%,(Wait,17)","75%,(Wait,27)","31%,(Wait,11)"
"Set3","10-02 Day","BEL",3,"10-04 Day","55%,(Sell,18)","64%,(Wait,27)","48%,(Sell,16)"
"Set3","10-02 Day","BEL",4,"10-05 Day","50%,(Sell,12)","31%,(Sell,4)","29%,(Wait,10)"
"Set3","10-02 Day","BEL",5,"10-06 Day","32%,(Sell,8)","5%,(Sell,1)","19%,(Wait,6)"
"Set3","10-02 Day","BEL",6,"10-07 Day","19%,(Wait,6)","11%,(Wait,3)","11%,(Sell,2)"
"Set3","10-02 Day","BERA",1,"10-03 Day","35%,(Sell,18)","42%,(Wait,22)","15%,(Sell,8)"
"Set3","10-02 Day","BERA",2,"10-04 Day","25%,(Wait,7)","26%,(Sell,12)","20%,(Sell,8)"
"Set3","10-02 Day","BERA",3,"10-05 Day","45%,(Sell,10)","36%,(Wait,13)","42%,(Wait,16)"
"Set3","10-02 Day","BERA",4,"10-06 Day","20%,(Sell,3)","11%,(Wait,3)","7%,(Wait,2)"
"Set3","10-02 Day","BERA",5,"10-07 Day","19%,(Wait,5)","16%,(Wait,4)","3%,(Sell,1)"
"Set3","10-02 Day","BERA",6,"10-08 Day","0%,(Wait,0)","0%,(Wait,0)","0%,(Sell,0)"
"Set3","10-02 Day","BFC",1,"10-02 Day","38%,(Wait,20)","62%,(Buy,32)","42%,(Wait,21)"
"Set3","10-02 Day","BFC",2,"10-03 Day","62%,(Sell,13)","61%,(Wait,25)","31%,(Wait,9)"
"Set3","10-02 Day","BFC",3,"10-04 Day","39%,(Sell,7)","18%,(Wait,6)","50%,(Sell,13)"
"Set3","10-02 Day","BFC",4,"10-05 Day","41%,(Sell,13)","45%,(Wait,17)","62%,(Sell,18)"
"Set3","10-02 Day","BFC",5,"10-06 Day","36%,(Wait,12)","39%,(Sell,9)","42%,(Sell,11)"
"Set3","10-02 Day","BFC",6,"10-07 Day","22%,(Wait,6)","27%,(Sell,11)","18%,(Sell,4)"
"Set3","10-02 Day","BICO",1,"10-03 Day","29%,(Sell,15)","27%,(Sell,13)","59%,(Buy,30)"
"Set3","10-02 Day","BICO",2,"10-04 Day","25%,(Sell,11)","47%,(Sell,17)","41%,(Sell,13)"
"Set3","10-02 Day","BICO",3,"10-05 Day","39%,(Sell,12)","64%,(Wait,21)","36%,(Sell,9)"
"Set3","10-02 Day","BICO",4,"10-06 Day","49%,(Wait,19)","59%,(Wait,22)","38%,(Sell,11)"
"Set3","10-02 Day","BICO",5,"10-07 Day","69%,(Sell,18)","74%,(Wait,25)","33%,(Sell,4)"
"Set3","10-02 Day","BICO",6,"10-08 Day","85%,(Wait,22)","79%,(Wait,26)","43%,(Sell,9)"
"Set3","10-02 Day","BIGTIME",1,"10-02 Day","33%,(Sell,17)","42%,(Wait,22)","35%,(Sell,18)"
"Set3","10-02 Day","BIGTIME",2,"10-03 Day","23%,(Wait,8)","61%,(Wait,23)","39%,(Sell,11)"
"Set3","10-02 Day","BIGTIME",3,"10-04 Day","18%,(Sell,7)","35%,(Sell,9)","24%,(Wait,8)"
"Set3","10-02 Day","BIGTIME",4,"10-05 Day","9%,(Sell,3)","23%,(Sell,3)","32%,(Sell,9)"
"Set3","10-02 Day","BIGTIME",5,"10-06 Day","17%,(Wait,6)","22%,(Wait,6)","24%,(Wait,9)"
"Set3","10-02 Day","BIGTIME",6,"10-07 Day","8%,(Wait,2)","30%,(Wait,9)","24%,(Sell,10)"
"Set3","10-02 Day","BILL",1,"10-03 Day","69%,(Buy,36)","83%,(Buy,43)","65%,(Buy,34)"
"Set3","10-02 Day","BILL",2,"10-04 Day","79%,(Wait,23)","92%,(Buy,34)","51%,(Wait,20)"
"Set3","10-02 Day","BILL",3,"10-05 Day","41%,(Sell,9)","65%,(Wait,22)","73%,(Wait,22)"
"Set3","10-02 Day","BILL",4,"10-06 Day","55%,(Sell,6)","26%,(Sell,5)","78%,(Wait,21)"
"Set3","10-02 Day","BILL",5,"10-07 Day","21%,(Sell,3)","8%,(Sell,1)","29%,(Sell,6)"
"Set3","10-02 Day","BILL",6,"10-08 Day","27%,(Sell,3)","4%,(Wait,1)","17%,(Sell,3)"
"Set3","10-02 Day","BIO",1,"10-02 Day","69%,(Buy,36)","71%,(Buy,37)","40%,(Wait,21)"
"Set3","10-02 Day","BIO",2,"10-03 Day","53%,(Wait,24)","44%,(Wait,16)","21%,(Wait,7)"
"Set3","10-02 Day","BIO",3,"10-04 Day","10%,(Wait,3)","5%,(Wait,1)","9%,(Wait,3)"
"Set3","10-02 Day","BIO",4,"10-05 Day","21%,(Sell,4)","3%,(Sell,1)","19%,(Sell,7)"
"Set3","10-02 Day","BIO",5,"10-06 Day","17%,(Wait,4)","15%,(Sell,3)","18%,(Sell,8)"
"Set3","10-02 Day","BIO",6,"10-07 Day","23%,(Sell,5)","0%,(Wait,0)","26%,(Sell,12)"
"Set3","10-02 Day","BIOT",1,"10-02 Day","24%,(Sell,12)","13%,(Sell,7)","35%,(Sell,18)"
"Set3","10-02 Day","BIOT",2,"10-03 Day","22%,(Sell,10)","16%,(Sell,7)","31%,(Wait,13)"
"Set3","10-02 Day","BIOT",3,"10-04 Day","32%,(Sell,9)","14%,(Wait,4)","31%,(Sell,5)"
"Set3","10-02 Day","BIOT",4,"10-05 Day","54%,(Sell,7)","8%,(Wait,2)","29%,(Sell,7)"
"Set3","10-02 Day","BIOT",5,"10-06 Day","57%,(Sell,8)","26%,(Wait,8)","42%,(Sell,5)"
"Set3","10-02 Day","BIOT",6,"10-07 Day","28%,(Sell,7)","0%,(Wait,0)","67%,(Sell,8)"
"Set3","10-02 Day","BIRB",1,"10-02 Day","20%,(Sell,10)","29%,(Sell,15)","19%,(Sell,10)"
"Set3","10-02 Day","BIRB",2,"10-03 Day","21%,(Wait,6)","14%,(Sell,6)","17%,(Sell,7)"
"Set3","10-02 Day","BIRB",3,"10-04 Day","50%,(Sell,12)","38%,(Sell,11)","21%,(Wait,6)"
"Set3","10-02 Day","BIRB",4,"10-05 Day","47%,(Sell,16)","50%,(Sell,16)","26%,(Wait,9)"
"Set3","10-02 Day","BIRB",5,"10-06 Day","52%,(Sell,16)","47%,(Sell,15)","34%,(Wait,11)"
"Set3","10-02 Day","BIRB",6,"10-07 Day","64%,(Sell,14)","53%,(Sell,10)","16%,(Wait,4)"
"Set3","10-02 Day","BLAST",1,"10-03 Day","60%,(Buy,31)","44%,(Wait,23)","60%,(Buy,31)"
"Set3","10-02 Day","BLAST",2,"10-04 Day","59%,(Sell,17)","41%,(Wait,15)","46%,(Sell,13)"
"Set3","10-02 Day","BLAST",3,"10-05 Day","36%,(Sell,10)","50%,(Sell,17)","39%,(Sell,12)"
"Set3","10-02 Day","BLAST",4,"10-06 Day","39%,(Wait,15)","22%,(Wait,6)","15%,(Sell,7)"
"Set3","10-02 Day","BLAST",5,"10-07 Day","40%,(Sell,10)","18%,(Wait,6)","16%,(Wait,5)"
"Set3","10-02 Day","BLAST",6,"10-08 Day","48%,(Sell,11)","24%,(Wait,8)","25%,(Sell,2)"
"Set3","10-02 Day","BLEND",1,"10-02 Day","58%,(Buy,30)","32%,(Sell,16)","46%,(Wait,24)"
"Set3","10-02 Day","BLEND",2,"10-03 Day","72%,(Buy,31)","31%,(Wait,10)","38%,(Wait,12)"
"Set3","10-02 Day","BLEND",3,"10-04 Day","29%,(Sell,5)","40%,(Sell,6)","3%,(Wait,1)"
"Set3","10-02 Day","BLEND",4,"10-05 Day","38%,(Sell,8)","35%,(Sell,7)","0%,(Wait,0)"
"Set3","10-02 Day","BLEND",5,"10-06 Day","78%,(Wait,21)","29%,(Sell,5)","15%,(Sell,2)"
"Set3","10-02 Day","BLEND",6,"10-07 Day","76%,(Sell,13)","64%,(Sell,16)","50%,(Sell,2)"
"Set3","10-02 Day","BLUE",1,"10-03 Day","51%,(Wait,25)","46%,(Wait,24)","34%,(Sell,17)"
"Set3","10-02 Day","BLUE",2,"10-04 Day","47%,(Wait,18)","45%,(Wait,17)","26%,(Wait,8)"
"Set3","10-02 Day","BLUE",3,"10-05 Day","22%,(Wait,6)","38%,(Sell,8)","23%,(Wait,8)"
"Set3","10-02 Day","BLUE",4,"10-06 Day","37%,(Sell,7)","10%,(Wait,3)","23%,(Wait,8)"
"Set3","10-02 Day","BLUE",5,"10-07 Day","38%,(Wait,14)","5%,(Sell,1)","12%,(Wait,3)"
"Set3","10-02 Day","BLUE",6,"10-08 Day","36%,(Wait,13)","21%,(Wait,7)","4%,(Wait,1)"
"Set3","10-02 Day","BLUR",1,"10-03 Day","32%,(Sell,16)","33%,(Sell,17)","33%,(Sell,17)"
"Set3","10-02 Day","BLUR",2,"10-04 Day","18%,(Wait,6)","11%,(Sell,5)","27%,(Wait,10)"
"Set3","10-02 Day","BLUR",3,"10-05 Day","54%,(Sell,14)","29%,(Wait,11)","17%,(Sell,7)"
"Set3","10-02 Day","BLUR",4,"10-06 Day","79%,(Buy,33)","59%,(Sell,17)","8%,(Sell,3)"
"Set3","10-02 Day","BLUR",5,"10-07 Day","79%,(Wait,26)","68%,(Sell,13)","38%,(Sell,10)"
"Set3","10-02 Day","BLUR",6,"10-08 Day","82%,(Wait,23)","61%,(Wait,22)","52%,(Sell,14)"
"Set3","10-02 Day","BMT",1,"10-02 Day","31%,(Sell,14)","30%,(Sell,15)","17%,(Sell,9)"
"Set3","10-02 Day","BMT",2,"10-03 Day","22%,(Wait,8)","13%,(Sell,6)","24%,(Wait,8)"
"Set3","10-02 Day","BMT",3,"10-04 Day","29%,(Wait,11)","10%,(Sell,4)","55%,(Sell,18)"
"Set3","10-02 Day","BMT",4,"10-05 Day","42%,(Wait,16)","33%,(Wait,13)","43%,(Sell,13)"
"Set3","10-02 Day","BMT",5,"10-06 Day","22%,(Wait,7)","36%,(Wait,13)","59%,(Sell,19)"
"Set3","10-02 Day","BMT",6,"10-07 Day","5%,(Wait,1)","20%,(Wait,6)","38%,(Sell,11)"
"Set3","10-02 Day","BNB",1,"10-02 Day","61%,(Buy,31)","44%,(Wait,23)","35%,(Sell,18)"
"Set3","10-02 Day","BNB",2,"10-03 Day","66%,(Wait,23)","54%,(Wait,21)","69%,(Wait,24)"
"Set3","10-02 Day","BNB",3,"10-04 Day","44%,(Sell,8)","70%,(Wait,21)","82%,(Wait,27)"
"Set3","10-02 Day","BNB",4,"10-05 Day","31%,(Sell,4)","44%,(Sell,8)","62%,(Sell,15)"
"Set3","10-02 Day","BNB",5,"10-06 Day","17%,(Wait,4)","23%,(Wait,7)","21%,(Wait,6)"
"Set3","10-02 Day","BNB",6,"10-07 Day","26%,(Sell,6)","29%,(Wait,12)","35%,(Sell,8)"
"Set3","10-02 Day","BNT",1,"10-02 Day","12%,(Sell,6)","21%,(Sell,11)","36%,(Wait,16)"
"Set3","10-02 Day","BNT",2,"10-03 Day","29%,(Wait,12)","31%,(Wait,11)","59%,(Sell,17)"
"Set3","10-02 Day","BNT",3,"10-04 Day","52%,(Sell,15)","10%,(Wait,3)","50%,(Sell,10)"
"Set3","10-02 Day","BNT",4,"10-05 Day","78%,(Sell,18)","9%,(Wait,2)","92%,(Sell,12)"
"Set3","10-02 Day","BNT",5,"10-06 Day","54%,(Sell,7)","6%,(Sell,1)","75%,(Sell,15)"
"Set3","10-02 Day","BNT",6,"10-07 Day","82%,(Sell,18)","33%,(Sell,7)","68%,(Sell,15)"
"Set3","10-02 Day","BOB",1,"10-02 Day","31%,(Sell,16)","33%,(Sell,17)","33%,(Sell,17)"
"Set3","10-02 Day","BOB",2,"10-03 Day","11%,(Sell,4)","25%,(Wait,9)","7%,(Sell,3)"
"Set3","10-02 Day","BOB",3,"10-04 Day","24%,(Wait,8)","39%,(Sell,12)","13%,(Sell,6)"
"Set3","10-02 Day","BOB",4,"10-05 Day","5%,(Sell,2)","7%,(Wait,2)","12%,(Wait,4)"
"Set3","10-02 Day","BOB",5,"10-06 Day","0%,(Sell,0)","0%,(Sell,0)","10%,(Sell,4)"
"Set3","10-02 Day","BOB",6,"10-07 Day","12%,(Wait,3)","0%,(Sell,0)","8%,(Wait,2)"
"Set3","10-02 Day","BOBA",1,"10-02 Day","46%,(Wait,24)","54%,(Wait,27)","52%,(Wait,26)"
"Set3","10-02 Day","BOBA",2,"10-03 Day","47%,(Sell,14)","54%,(Wait,20)","39%,(Wait,14)"
"Set3","10-02 Day","BOBA",3,"10-04 Day","59%,(Sell,13)","68%,(Sell,19)","29%,(Sell,12)"
"Set3","10-02 Day","BOBA",4,"10-05 Day","48%,(Sell,11)","67%,(Sell,10)","24%,(Wait,7)"
"Set3","10-02 Day","BOBA",5,"10-06 Day","33%,(Wait,10)","70%,(Sell,14)","62%,(Sell,13)"
"Set3","10-02 Day","BOBA",6,"10-07 Day","27%,(Sell,7)","70%,(Wait,21)","41%,(Sell,11)"
"Set3","10-02 Day","BONK",1,"10-02 Day","50%,(Wait,26)","46%,(Wait,24)","67%,(Buy,34)"
"Set3","10-02 Day","BONK",2,"10-03 Day","33%,(Sell,7)","38%,(Sell,18)","32%,(Sell,14)"
"Set3","10-02 Day","BONK",3,"10-04 Day","29%,(Wait,10)","18%,(Wait,5)","22%,(Wait,8)"
"Set3","10-02 Day","BONK",4,"10-05 Day","9%,(Wait,2)","29%,(Sell,7)","19%,(Wait,6)"
"Set3","10-02 Day","BONK",5,"10-06 Day","58%,(Sell,19)","17%,(Wait,6)","14%,(Sell,5)"
"Set3","10-02 Day","BONK",6,"10-07 Day","55%,(Sell,16)","7%,(Sell,3)","12%,(Sell,5)"
"Set3","10-02 Day","BORA",1,"10-02 Day","45%,(Wait,23)","35%,(Sell,18)","27%,(Sell,14)"
"Set3","10-02 Day","BORA",2,"10-03 Day","54%,(Wait,21)","77%,(Buy,33)","31%,(Sell,8)"
"Set3","10-02 Day","BORA",3,"10-04 Day","36%,(Wait,12)","87%,(Wait,27)","50%,(Sell,17)"
"Set3","10-02 Day","BORA",4,"10-05 Day","56%,(Sell,14)","52%,(Sell,16)","65%,(Sell,13)"
"Set3","10-02 Day","BORA",5,"10-06 Day","26%,(Sell,6)","31%,(Wait,9)","57%,(Sell,13)"
"Set3","10-02 Day","BORA",6,"10-07 Day","22%,(Wait,6)","33%,(Sell,6)","62%,(Sell,5)"
"Set3","10-02 Day","BOUNTY",1,"10-02 Day","52%,(Wait,27)","51%,(Wait,26)","58%,(Buy,30)"
"Set3","10-02 Day","BOUNTY",2,"10-03 Day","53%,(Sell,17)","30%,(Sell,14)","21%,(Sell,8)"
"Set3","10-02 Day","BOUNTY",3,"10-04 Day","10%,(Wait,3)","12%,(Sell,5)","26%,(Sell,6)"
"Set3","10-02 Day","BOUNTY",4,"10-05 Day","4%,(Wait,1)","9%,(Sell,3)","9%,(Wait,2)"
"Set3","10-02 Day","BOUNTY",5,"10-06 Day","21%,(Wait,6)","14%,(Sell,3)","8%,(Sell,1)"
"Set3","10-02 Day","BOUNTY",6,"10-07 Day","29%,(Sell,6)","20%,(Sell,4)","12%,(Sell,1)"
"Set3","10-02 Day","BRETT",1,"10-02 Day","29%,(Sell,15)","12%,(Sell,6)","35%,(Sell,18)"
"Set3","10-02 Day","BRETT",2,"10-03 Day","36%,(Sell,10)","23%,(Wait,8)","18%,(Sell,7)"
"Set3","10-02 Day","BRETT",3,"10-04 Day","37%,(Sell,11)","8%,(Sell,3)","47%,(Sell,8)"
"Set3","10-02 Day","BRETT",4,"10-05 Day","45%,(Sell,10)","21%,(Sell,8)","33%,(Sell,6)"
"Set3","10-02 Day","BRETT",5,"10-06 Day","69%,(Wait,24)","45%,(Sell,5)","41%,(Sell,7)"
"Set3","10-02 Day","BRETT",6,"10-07 Day","70%,(Wait,26)","57%,(Sell,13)","62%,(Sell,18)"
"Set3","10-02 Day","BREV",1,"10-02 Day","36%,(Sell,18)","8%,(Sell,4)","44%,(Wait,23)"
"Set3","10-02 Day","BREV",2,"10-03 Day","59%,(Wait,22)","11%,(Sell,5)","73%,(Buy,30)"
"Set3","10-02 Day","BREV",3,"10-04 Day","20%,(Sell,3)","19%,(Wait,5)","78%,(Buy,32)"
"Set3","10-02 Day","BREV",4,"10-05 Day","39%,(Sell,7)","41%,(Sell,12)","85%,(Wait,23)"
"Set3","10-02 Day","BREV",5,"10-06 Day","40%,(Sell,8)","21%,(Sell,3)","58%,(Sell,15)"
"Set3","10-02 Day","BREV",6,"10-07 Day","50%,(Sell,12)","95%,(Wait,20)","30%,(Sell,8)"
"Set3","10-02 Day","BSV",1,"10-02 Day","17%,(Sell,9)","25%,(Sell,13)","27%,(Sell,14)"
"Set3","10-02 Day","BSV",2,"10-03 Day","34%,(Wait,12)","29%,(Sell,6)","18%,(Sell,7)"
"Set3","10-02 Day","BSV",3,"10-04 Day","70%,(Buy,30)","35%,(Wait,14)","38%,(Sell,11)"
"Set3","10-02 Day","BSV",4,"10-05 Day","40%,(Sell,8)","76%,(Sell,19)","69%,(Wait,24)"
"Set3","10-02 Day","BSV",5,"10-06 Day","90%,(Wait,26)","87%,(Buy,41)","82%,(Wait,27)"
"Set3","10-02 Day","BSV",6,"10-07 Day","30%,(Sell,6)","89%,(Wait,24)","97%,(Wait,28)"
"Set3","10-02 Day","BTC",1,"10-03 Day","35%,(Sell,18)","56%,(Wait,29)","62%,(Buy,32)"
"Set3","10-02 Day","BTC",2,"10-04 Day","38%,(Wait,13)","37%,(Wait,15)","39%,(Wait,17)"
"Set3","10-02 Day","BTC",3,"10-05 Day","36%,(Wait,13)","35%,(Wait,12)","39%,(Wait,13)"
"Set3","10-02 Day","BTC",4,"10-06 Day","18%,(Sell,3)","47%,(Sell,17)","41%,(Sell,9)"
"Set3","10-02 Day","BTC",5,"10-07 Day","41%,(Sell,7)","46%,(Sell,16)","38%,(Sell,10)"
"Set3","10-02 Day","BTC",6,"10-08 Day","27%,(Sell,6)","81%,(Sell,17)","21%,(Wait,6)"
"Set3","10-02 Day","BTR",1,"10-03 Day","19%,(Sell,10)","19%,(Sell,10)","63%,(Buy,33)"
"Set3","10-02 Day","BTR",2,"10-04 Day","19%,(Sell,9)","33%,(Sell,15)","51%,(Wait,21)"
"Set3","10-02 Day","BTR",3,"10-05 Day","18%,(Sell,7)","13%,(Wait,4)","39%,(Wait,16)"
"Set3","10-02 Day","BTR",4,"10-06 Day","29%,(Wait,10)","13%,(Sell,6)","37%,(Sell,10)"
"Set3","10-02 Day","BTR",5,"10-07 Day","30%,(Sell,8)","12%,(Wait,3)","52%,(Sell,13)"
"Set3","10-02 Day","BTR",6,"10-08 Day","17%,(Sell,6)","0%,(Sell,0)","29%,(Wait,10)"
"Set3","10-02 Day","BTT",1,"10-02 Day","71%,(Wait,24)","56%,(Sell,10)","5%,(Sell,1)"
"Set3","10-02 Day","BTT",2,"10-03 Day","9%,(Sell,1)","0%,(Sell,0)","9%,(Sell,1)"
"Set3","10-02 Day","BTT",3,"10-04 Day","58%,(Sell,7)","0%,(Sell,0)","11%,(Sell,2)"
"Set3","10-02 Day","BTT",4,"10-05 Day","67%,(Sell,4)","0%,(Sell,0)","0%,(Sell,0)"
"Set3","10-02 Day","BTT",5,"10-06 Day","71%,(Sell,5)","0%,(Sell,0)","0%,(Sell,0)"
"Set3","10-02 Day","BTT",6,"10-07 Day","83%,(Sell,5)","0%,(Sell,0)","0%,(Sell,0)"
"Set3","10-02 Day","C",1,"10-02 Day","56%,(Wait,29)","60%,(Wait,27)","45%,(Wait,22)"
"Set3","10-02 Day","C",2,"10-03 Day","43%,(Wait,15)","81%,(Wait,29)","59%,(Wait,23)"
"Set3","10-02 Day","C",3,"10-04 Day","24%,(Sell,6)","81%,(Wait,22)","55%,(Sell,18)"
"Set3","10-02 Day","C",4,"10-05 Day","12%,(Wait,3)","73%,(Sell,16)","23%,(Wait,6)"
"Set3","10-02 Day","C",5,"10-06 Day","5%,(Sell,1)","75%,(Sell,18)","9%,(Wait,2)"
"Set3","10-02 Day","C",6,"10-07 Day","7%,(Wait,2)","57%,(Wait,21)","22%,(Sell,4)"
"Set3","10-02 Day","C98",1,"10-02 Day","17%,(Sell,9)","29%,(Sell,15)","19%,(Sell,10)"
"Set3","10-02 Day","C98",2,"10-03 Day","51%,(Wait,20)","14%,(Sell,5)","20%,(Wait,5)"
"Set3","10-02 Day","C98",3,"10-04 Day","52%,(Sell,15)","21%,(Sell,8)","54%,(Sell,19)"
"Set3","10-02 Day","C98",4,"10-05 Day","39%,(Wait,15)","46%,(Wait,18)","29%,(Wait,12)"
"Set3","10-02 Day","C98",5,"10-06 Day","34%,(Wait,12)","48%,(Wait,21)","27%,(Sell,6)"
"Set3","10-02 Day","C98",6,"10-07 Day","15%,(Wait,4)","56%,(Sell,14)","27%,(Wait,8)"
"Set3","10-02 Day","CAKE",1,"10-02 Day","54%,(Wait,28)","48%,(Wait,25)","71%,(Buy,37)"
"Set3","10-02 Day","CAKE",2,"10-03 Day","17%,(Wait,5)","25%,(Sell,10)","24%,(Wait,9)"
"Set3","10-02 Day","CAKE",3,"10-04 Day","41%,(Sell,7)","10%,(Wait,3)","19%,(Wait,6)"
"Set3","10-02 Day","CAKE",4,"10-05 Day","33%,(Sell,3)","12%,(Wait,3)","61%,(Sell,14)"
"Set3","10-02 Day","CAKE",5,"10-06 Day","27%,(Sell,3)","28%,(Wait,10)","9%,(Wait,2)"
"Set3","10-02 Day","CAKE",6,"10-07 Day","31%,(Sell,4)","46%,(Sell,11)","33%,(Sell,3)"
"Set3","10-02 Day","CAMP",1,"10-02 Day","25%,(Sell,13)","38%,(Wait,20)","60%,(Buy,31)"
"Set3","10-02 Day","CAMP",2,"10-03 Day","27%,(Sell,13)","14%,(Sell,5)","66%,(Buy,33)"
"Set3","10-02 Day","CAMP",3,"10-04 Day","24%,(Sell,11)","10%,(Wait,3)","70%,(Buy,30)"
"Set3","10-02 Day","CAMP",4,"10-05 Day","11%,(Sell,4)","54%,(Sell,7)","39%,(Wait,16)"
"Set3","10-02 Day","CAMP",5,"10-06 Day","0%,(Sell,0)","18%,(Sell,4)","25%,(Wait,7)"
"Set3","10-02 Day","CAMP",6,"10-07 Day","30%,(Sell,6)","19%,(Sell,4)","31%,(Sell,8)"
"Set3","10-02 Day","CARV",1,"10-02 Day","35%,(Sell,18)","24%,(Sell,12)","17%,(Sell,9)"
"Set3","10-02 Day","CARV",2,"10-03 Day","20%,(Wait,6)","9%,(Sell,3)","2%,(Sell,1)"
"Set3","10-02 Day","CARV",3,"10-04 Day","42%,(Sell,14)","29%,(Sell,12)","5%,(Sell,2)"
"Set3","10-02 Day","CARV",4,"10-05 Day","39%,(Wait,13)","25%,(Wait,9)","3%,(Wait,1)"
"Set3","10-02 Day","CARV",5,"10-06 Day","53%,(Sell,10)","48%,(Sell,10)","18%,(Wait,5)"
"Set3","10-02 Day","CARV",6,"10-07 Day","42%,(Sell,5)","46%,(Sell,6)","50%,(Sell,4)"
"Set3","10-02 Day","CBK",1,"10-03 Day","29%,(Sell,14)","62%,(Buy,32)","10%,(Sell,5)"
"Set3","10-02 Day","CBK",2,"10-04 Day","31%,(Wait,9)","32%,(Wait,13)","27%,(Wait,9)"
"Set3","10-02 Day","CBK",3,"10-05 Day","22%,(Sell,4)","17%,(Sell,4)","35%,(Wait,11)"
"Set3","10-02 Day","CBK",4,"10-06 Day","57%,(Wait,21)","17%,(Sell,7)","12%,(Wait,3)"
"Set3","10-02 Day","CBK",5,"10-07 Day","8%,(Sell,1)","22%,(Wait,6)","0%,(Wait,0)"
"Set3","10-02 Day","CBK",6,"10-08 Day","0%,(Wait,0)","24%,(Sell,5)","36%,(Sell,9)"
"Set3","10-02 Day","CELO",1,"10-02 Day","59%,(Buy,30)","12%,(Sell,6)","21%,(Sell,11)"
"Set3","10-02 Day","CELO",2,"10-03 Day","4%,(Sell,2)","19%,(Wait,6)","11%,(Sell,5)"
"Set3","10-02 Day","CELO",3,"10-04 Day","0%,(Sell,0)","2%,(Sell,1)","16%,(Wait,5)"
"Set3","10-02 Day","CELO",4,"10-05 Day","29%,(Sell,13)","10%,(Sell,4)","0%,(Sell,0)"
"Set3","10-02 Day","CELO",5,"10-06 Day","44%,(Sell,14)","14%,(Wait,4)","12%,(Wait,3)"
"Set3","10-02 Day","CELO",6,"10-07 Day","0%,(Sell,0)","0%,(Sell,0)","12%,(Wait,3)"
"Set3","10-02 Day","CELR",1,"10-02 Day","37%,(Sell,19)","31%,(Sell,16)","31%,(Sell,16)"
"Set3","10-02 Day","CELR",2,"10-03 Day","51%,(Wait,24)","32%,(Sell,16)","69%,(Wait,25)"
"Set3","10-02 Day","CELR",3,"10-04 Day","46%,(Wait,19)","61%,(Wait,22)","50%,(Sell,12)"
"Set3","10-02 Day","CELR",4,"10-05 Day","43%,(Wait,16)","48%,(Sell,11)","8%,(Wait,2)"
"Set3","10-02 Day","CELR",5,"10-06 Day","25%,(Sell,6)","33%,(Sell,5)","12%,(Wait,3)"
"Set3","10-02 Day","CELR",6,"10-07 Day","33%,(Sell,5)","47%,(Sell,8)","18%,(Sell,7)"
"Set3","10-02 Day","CFG",1,"10-02 Day","19%,(Sell,10)","34%,(Sell,17)","27%,(Sell,14)"
"Set3","10-02 Day","CFG",2,"10-03 Day","9%,(Sell,3)","14%,(Sell,6)","18%,(Wait,6)"
"Set3","10-02 Day","CFG",3,"10-04 Day","41%,(Wait,15)","33%,(Sell,9)","30%,(Sell,6)"
"Set3","10-02 Day","CFG",4,"10-05 Day","33%,(Sell,4)","41%,(Sell,13)","68%,(Sell,15)"
"Set3","10-02 Day","CFG",5,"10-06 Day","67%,(Sell,12)","70%,(Sell,14)","78%,(Sell,14)"
"Set3","10-02 Day","CFG",6,"10-07 Day","75%,(Sell,12)","41%,(Sell,13)","82%,(Sell,18)"
"Set3","10-02 Day","CFX",1,"10-02 Day","18%,(Sell,9)","38%,(Wait,20)","44%,(Wait,23)"
"Set3","10-02 Day","CFX",2,"10-03 Day","32%,(Wait,13)","36%,(Sell,18)","32%,(Sell,15)"
"Set3","10-02 Day","CFX",3,"10-04 Day","43%,(Sell,12)","34%,(Sell,10)","40%,(Wait,17)"
"Set3","10-02 Day","CFX",4,"10-05 Day","39%,(Sell,12)","32%,(Sell,15)","22%,(Sell,10)"
"Set3","10-02 Day","CFX",5,"10-06 Day","33%,(Wait,10)","24%,(Wait,7)","6%,(Sell,2)"
"Set3","10-02 Day","CFX",6,"10-07 Day","61%,(Sell,17)","52%,(Sell,13)","20%,(Wait,5)"
"Set3","10-02 Day","CHIP",1,"10-03 Day","25%,(Sell,13)","56%,(Wait,29)","27%,(Sell,14)"
"Set3","10-02 Day","CHIP",2,"10-04 Day","28%,(Wait,11)","48%,(Sell,15)","14%,(Sell,6)"
"Set3","10-02 Day","CHIP",3,"10-05 Day","21%,(Sell,5)","35%,(Sell,6)","30%,(Sell,8)"
"Set3","10-02 Day","CHIP",4,"10-06 Day","43%,(Sell,12)","30%,(Sell,3)","14%,(Sell,2)"
"Set3","10-02 Day","CHIP",5,"10-07 Day","68%,(Sell,17)","33%,(Sell,2)","50%,(Sell,4)"
"Set3","10-02 Day","CHIP",6,"10-08 Day","25%,(Sell,4)","5%,(Wait,1)","62%,(Sell,10)"
"Set3","10-02 Day","CHR",1,"10-02 Day","54%,(Wait,28)","20%,(Sell,10)","46%,(Wait,24)"
"Set3","10-02 Day","CHR",2,"10-03 Day","48%,(Wait,19)","43%,(Wait,19)","18%,(Sell,4)"
"Set3","10-02 Day","CHR",3,"10-04 Day","37%,(Wait,15)","94%,(Sell,16)","5%,(Sell,2)"
"Set3","10-02 Day","CHR",4,"10-05 Day","23%,(Sell,10)","43%,(Wait,16)","0%,(Sell,0)"
"Set3","10-02 Day","CHR",5,"10-06 Day","2%,(Sell,1)","6%,(Sell,2)","0%,(Wait,0)"
"Set3","10-02 Day","CHR",6,"10-07 Day","17%,(Wait,5)","14%,(Wait,4)","0%,(Sell,0)"
"Set3","10-02 Day","CHZ",1,"10-02 Day","31%,(Sell,16)","27%,(Sell,14)","51%,(Wait,26)"
"Set3","10-02 Day","CHZ",2,"10-03 Day","40%,(Wait,19)","22%,(Wait,8)","52%,(Sell,17)"
"Set3","10-02 Day","CHZ",3,"10-04 Day","7%,(Sell,3)","42%,(Sell,13)","48%,(Wait,22)"
"Set3","10-02 Day","CHZ",4,"10-05 Day","33%,(Sell,8)","48%,(Sell,12)","22%,(Wait,8)"
"Set3","10-02 Day","CHZ",5,"10-06 Day","77%,(Wait,20)","32%,(Wait,11)","14%,(Wait,4)"
"Set3","10-02 Day","CHZ",6,"10-07 Day","76%,(Sell,16)","55%,(Wait,22)","38%,(Sell,5)"
"Set3","10-02 Day","CKB",1,"10-02 Day","21%,(Sell,11)","54%,(Wait,28)","65%,(Buy,32)"
"Set3","10-02 Day","CKB",2,"10-03 Day","16%,(Sell,6)","33%,(Sell,9)","30%,(Wait,9)"
"Set3","10-02 Day","CKB",3,"10-04 Day","23%,(Sell,10)","17%,(Wait,6)","27%,(Sell,12)"
"Set3","10-02 Day","CKB",4,"10-05 Day","18%,(Wait,6)","21%,(Wait,7)","22%,(Sell,9)"
"Set3","10-02 Day","CKB",5,"10-06 Day","35%,(Wait,13)","28%,(Wait,9)","27%,(Wait,9)"
"Set3","10-02 Day","CKB",6,"10-07 Day","31%,(Wait,9)","45%,(Sell,14)","54%,(Sell,15)"
"Set3","10-02 Day","COMP",1,"10-02 Day","15%,(Sell,8)","21%,(Sell,11)","38%,(Wait,20)"
"Set3","10-02 Day","COMP",2,"10-03 Day","26%,(Wait,9)","22%,(Sell,11)","17%,(Wait,6)"
"Set3","10-02 Day","COMP",3,"10-04 Day","43%,(Sell,9)","52%,(Sell,11)","24%,(Wait,9)"
"Set3","10-02 Day","COMP",4,"10-05 Day","57%,(Sell,12)","54%,(Sell,7)","25%,(Wait,7)"
"Set3","10-02 Day","COMP",5,"10-06 Day","17%,(Sell,4)","47%,(Sell,16)","38%,(Sell,6)"
"Set3","10-02 Day","COMP",6,"10-07 Day","18%,(Wait,5)","63%,(Sell,19)","23%,(Sell,3)"
"Set3","10-02 Day","COOKIE",1,"10-02 Day","12%,(Sell,6)","51%,(Wait,20)","44%,(Wait,23)"
"Set3","10-02 Day","COOKIE",2,"10-03 Day","23%,(Wait,7)","16%,(Sell,6)","44%,(Wait,16)"
"Set3","10-02 Day","COOKIE",3,"10-04 Day","39%,(Sell,12)","40%,(Sell,12)","24%,(Wait,7)"
"Set3","10-02 Day","COOKIE",4,"10-05 Day","14%,(Sell,5)","47%,(Sell,16)","29%,(Sell,7)"
"Set3","10-02 Day","COOKIE",5,"10-06 Day","0%,(Wait,0)","0%,(Sell,0)","0%,(Wait,0)"
"Set3","10-02 Day","COOKIE",6,"10-07 Day","6%,(Sell,1)","0%,(Sell,0)","11%,(Sell,4)"
"Set3","10-02 Day","CORE",1,"10-03 Day","27%,(Sell,14)","54%,(Wait,28)","19%,(Sell,9)"
"Set3","10-02 Day","CORE",2,"10-04 Day","15%,(Sell,6)","29%,(Sell,14)","24%,(Wait,9)"
"Set3","10-02 Day","CORE",3,"10-05 Day","8%,(Sell,1)","6%,(Wait,2)","10%,(Wait,3)"
"Set3","10-02 Day","CORE",4,"10-06 Day","31%,(Wait,9)","16%,(Wait,5)","9%,(Sell,3)"
"Set3","10-02 Day","CORE",5,"10-07 Day","35%,(Sell,8)","9%,(Wait,2)","14%,(Wait,4)"
"Set3","10-02 Day","CORE",6,"10-08 Day","48%,(Sell,12)","14%,(Wait,4)","27%,(Sell,4)"
"Set3","10-02 Day","COS",1,"10-03 Day","33%,(Sell,17)","38%,(Wait,20)","60%,(Buy,31)"
"Set3","10-02 Day","COS",2,"10-04 Day","16%,(Wait,4)","32%,(Wait,11)","53%,(Wait,24)"
"Set3","10-02 Day","COS",3,"10-05 Day","78%,(Wait,25)","33%,(Sell,9)","7%,(Sell,3)"
"Set3","10-02 Day","COS",4,"10-06 Day","62%,(Sell,16)","44%,(Wait,16)","10%,(Sell,2)"
"Set3","10-02 Day","COS",5,"10-07 Day","53%,(Sell,17)","96%,(Wait,22)","7%,(Wait,2)"
"Set3","10-02 Day","COS",6,"10-08 Day","58%,(Sell,18)","91%,(Sell,10)","0%,(Sell,0)"
"Set3","10-02 Day","COTI",1,"10-02 Day","43%,(Wait,22)","47%,(Wait,22)","50%,(Wait,26)"
"Set3","10-02 Day","COTI",2,"10-03 Day","65%,(Wait,22)","47%,(Sell,16)","72%,(Wait,26)"
"Set3","10-02 Day","COTI",3,"10-04 Day","48%,(Sell,13)","76%,(Wait,25)","63%,(Sell,17)"
"Set3","10-02 Day","COTI",4,"10-05 Day","77%,(Wait,20)","84%,(Buy,31)","75%,(Sell,18)"
"Set3","10-02 Day","COTI",5,"10-06 Day","87%,(Wait,20)","84%,(Wait,21)","92%,(Wait,24)"
"Set3","10-02 Day","COTI",6,"10-07 Day","69%,(Sell,11)","67%,(Sell,10)","90%,(Wait,28)"
"Set3","10-02 Day","COW",1,"10-02 Day","54%,(Wait,28)","63%,(Buy,31)","38%,(Wait,20)"
"Set3","10-02 Day","COW",2,"10-03 Day","7%,(Sell,3)","31%,(Wait,13)","26%,(Wait,10)"
"Set3","10-02 Day","COW",3,"10-04 Day","0%,(Sell,0)","22%,(Wait,8)","37%,(Sell,10)"
"Set3","10-02 Day","COW",4,"10-05 Day","0%,(Sell,0)","25%,(Wait,7)","0%,(Wait,0)"
"Set3","10-02 Day","COW",5,"10-06 Day","4%,(Wait,1)","19%,(Wait,5)","14%,(Sell,5)"
"Set3","10-02 Day","COW",6,"10-07 Day","33%,(Sell,9)","4%,(Wait,1)","6%,(Sell,2)"
"Set3","10-02 Day","CPOOL",1,"10-03 Day","37%,(Sell,19)","33%,(Sell,17)","21%,(Sell,11)"
"Set3","10-02 Day","CPOOL",2,"10-04 Day","24%,(Sell,11)","23%,(Sell,9)","8%,(Sell,3)"
"Set3","10-02 Day","CPOOL",3,"10-05 Day","20%,(Sell,8)","15%,(Sell,6)","3%,(Wait,1)"
"Set3","10-02 Day","CPOOL",4,"10-06 Day","13%,(Wait,4)","18%,(Wait,6)","9%,(Wait,2)"
"Set3","10-02 Day","CPOOL",5,"10-07 Day","30%,(Sell,7)","20%,(Wait,7)","64%,(Sell,9)"
"Set3","10-02 Day","CPOOL",6,"10-08 Day","42%,(Sell,5)","18%,(Sell,3)","56%,(Sell,5)"
"Set3","10-02 Day","CRO",1,"10-02 Day","29%,(Sell,15)","40%,(Wait,20)","38%,(Wait,20)"
"Set3","10-02 Day","CRO",2,"10-03 Day","22%,(Sell,9)","36%,(Wait,14)","29%,(Wait,10)"
"Set3","10-02 Day","CRO",3,"10-04 Day","21%,(Wait,6)","50%,(Sell,17)","29%,(Wait,12)"
"Set3","10-02 Day","CRO",4,"10-05 Day","38%,(Sell,9)","35%,(Wait,11)","0%,(Wait,0)"
"Set3","10-02 Day","CRO",5,"10-06 Day","50%,(Sell,8)","29%,(Sell,6)","11%,(Wait,3)"
"Set3","10-02 Day","CRO",6,"10-07 Day","50%,(Sell,14)","24%,(Sell,5)","7%,(Sell,1)"
"Set3","10-02 Day","CRTS",1,"10-02 Day","65%,(Buy,34)","56%,(Wait,28)","58%,(Buy,30)"
"Set3","10-02 Day","CRTS",2,"10-03 Day","42%,(Sell,13)","44%,(Sell,15)","30%,(Sell,14)"
"Set3","10-02 Day","CRTS",3,"10-04 Day","42%,(Sell,11)","33%,(Wait,14)","38%,(Sell,10)"
"Set3","10-02 Day","CRTS",4,"10-05 Day","26%,(Wait,8)","6%,(Wait,2)","50%,(Sell,9)"
"Set3","10-02 Day","CRTS",5,"10-06 Day","30%,(Wait,11)","52%,(Sell,12)","35%,(Sell,6)"
"Set3","10-02 Day","CRTS",6,"10-07 Day","35%,(Sell,9)","15%,(Sell,2)","22%,(Sell,4)"
"Set3","10-02 Day","CRV",1,"10-02 Day","52%,(Wait,27)","29%,(Sell,15)","40%,(Wait,21)"
"Set3","10-02 Day","CRV",2,"10-03 Day","44%,(Wait,17)","12%,(Sell,5)","58%,(Wait,29)"
"Set3","10-02 Day","CRV",3,"10-04 Day","54%,(Sell,15)","17%,(Wait,5)","35%,(Wait,11)"
"Set3","10-02 Day","CRV",4,"10-05 Day","18%,(Sell,7)","26%,(Wait,10)","12%,(Sell,5)"
"Set3","10-02 Day","CRV",5,"10-06 Day","0%,(Wait,0)","4%,(Wait,1)","10%,(Sell,4)"
"Set3","10-02 Day","CRV",6,"10-07 Day","19%,(Sell,7)","39%,(Wait,14)","4%,(Wait,1)"
"Set3","10-02 Day","CSPR",1,"10-03 Day","51%,(Wait,26)","42%,(Wait,21)","38%,(Wait,20)"
"Set3","10-02 Day","CSPR",2,"10-04 Day","76%,(Wait,28)","58%,(Sell,19)","40%,(Sell,12)"
"Set3","10-02 Day","CSPR",3,"10-05 Day","95%,(Buy,37)","68%,(Wait,23)","72%,(Buy,34)"
"Set3","10-02 Day","CSPR",4,"10-06 Day","90%,(Buy,37)","33%,(Sell,5)","79%,(Buy,31)"
"Set3","10-02 Day","CSPR",5,"10-07 Day","79%,(Sell,19)","59%,(Sell,13)","68%,(Sell,17)"
"Set3","10-02 Day","CSPR",6,"10-08 Day","59%,(Sell,10)","50%,(Sell,17)","54%,(Sell,15)"
"Set3","10-02 Day","CTC",1,"10-03 Day","35%,(Sell,18)","48%,(Wait,25)","49%,(Wait,25)"
"Set3","10-02 Day","CTC",2,"10-04 Day","12%,(Sell,4)","42%,(Sell,11)","21%,(Wait,6)"
"Set3","10-02 Day","CTC",3,"10-05 Day","13%,(Sell,5)","48%,(Sell,13)","26%,(Wait,9)"
"Set3","10-02 Day","CTC",4,"10-06 Day","3%,(Sell,1)","33%,(Sell,9)","20%,(Wait,7)"
"Set3","10-02 Day","CTC",5,"10-07 Day","11%,(Sell,4)","32%,(Sell,7)","17%,(Wait,4)"
"Set3","10-02 Day","CTC",6,"10-08 Day","17%,(Wait,4)","37%,(Sell,10)","6%,(Sell,1)"
"Set3","10-02 Day","CTK",1,"10-02 Day","71%,(Buy,37)","57%,(Wait,29)","68%,(Wait,28)"
"Set3","10-02 Day","CTK",2,"10-03 Day","46%,(Wait,18)","55%,(Wait,21)","40%,(Wait,14)"
"Set3","10-02 Day","CTK",3,"10-04 Day","63%,(Sell,17)","22%,(Wait,7)","35%,(Wait,15)"
"Set3","10-02 Day","CTK",4,"10-05 Day","40%,(Sell,10)","18%,(Sell,4)","24%,(Sell,5)"
"Set3","10-02 Day","CTK",5,"10-06 Day","21%,(Sell,5)","42%,(Sell,5)","24%,(Wait,7)"
"Set3","10-02 Day","CTK",6,"10-07 Day","22%,(Sell,4)","61%,(Sell,11)","30%,(Sell,8)"
"Set3","10-02 Day","CTR",1,"10-03 Day","19%,(Sell,10)","35%,(Sell,18)","27%,(Sell,14)"
"Set3","10-02 Day","CTR",2,"10-04 Day","39%,(Sell,19)","43%,(Sell,12)","31%,(Sell,8)"
"Set3","10-02 Day","CTR",3,"10-05 Day","4%,(Sell,2)","16%,(Wait,4)","27%,(Sell,6)"
"Set3","10-02 Day","CTR",4,"10-06 Day","5%,(Sell,2)","41%,(Wait,15)","14%,(Sell,2)"
"Set3","10-02 Day","CTR",5,"10-07 Day","7%,(Wait,2)","11%,(Wait,3)","44%,(Sell,4)"
"Set3","10-02 Day","CTR",6,"10-08 Day","12%,(Sell,4)","33%,(Sell,6)","50%,(Sell,2)"
"Set3","10-02 Day","CTSI",1,"10-02 Day","25%,(Sell,13)","52%,(Wait,27)","38%,(Wait,18)"
"Set3","10-02 Day","CTSI",2,"10-03 Day","52%,(Sell,17)","62%,(Buy,30)","43%,(Wait,16)"
"Set3","10-02 Day","CTSI",3,"10-04 Day","57%,(Wait,21)","75%,(Buy,30)","40%,(Wait,17)"
"Set3","10-02 Day","CTSI",4,"10-05 Day","42%,(Sell,8)","75%,(Sell,15)","12%,(Sell,2)"
"Set3","10-02 Day","CTSI",5,"10-06 Day","36%,(Sell,9)","71%,(Sell,17)","22%,(Sell,4)"
"Set3","10-02 Day","CTSI",6,"10-07 Day","57%,(Sell,16)","33%,(Sell,9)","16%,(Sell,6)"
"Set3","10-02 Day","CUDIS",1,"10-03 Day","54%,(Wait,28)","63%,(Buy,33)","30%,(Sell,14)"
"Set3","10-02 Day","CUDIS",2,"10-04 Day","40%,(Sell,10)","32%,(Wait,13)","6%,(Sell,2)"
"Set3","10-02 Day","CUDIS",3,"10-05 Day","46%,(Sell,12)","15%,(Wait,5)","46%,(Wait,19)"
"Set3","10-02 Day","CUDIS",4,"10-06 Day","58%,(Wait,21)","6%,(Sell,1)","31%,(Wait,9)"
"Set3","10-02 Day","CUDIS",5,"10-07 Day","64%,(Sell,14)","38%,(Wait,12)","22%,(Wait,6)"
"Set3","10-02 Day","CUDIS",6,"10-08 Day","42%,(Sell,11)","6%,(Sell,1)","14%,(Sell,3)"
"Set3","10-02 Day","CVC",1,"10-02 Day","36%,(Wait,16)","35%,(Sell,18)","8%,(Sell,4)"
"Set3","10-02 Day","CVC",2,"10-03 Day","38%,(Wait,12)","24%,(Sell,10)","13%,(Sell,5)"
"Set3","10-02 Day","CVC",3,"10-04 Day","36%,(Wait,14)","26%,(Wait,8)","16%,(Wait,5)"
"Set3","10-02 Day","CVC",4,"10-05 Day","52%,(Sell,13)","23%,(Sell,5)","25%,(Wait,8)"
"Set3","10-02 Day","CVC",5,"10-06 Day","42%,(Sell,8)","62%,(Sell,18)","36%,(Sell,9)"
"Set3","10-02 Day","CVC",6,"10-07 Day","56%,(Sell,9)","59%,(Sell,13)","68%,(Sell,13)"
"Set3","10-02 Day","CYBER",1,"10-02 Day","67%,(Buy,35)","31%,(Sell,16)","52%,(Wait,27)"
"Set3","10-02 Day","CYBER",2,"10-03 Day","74%,(Wait,26)","21%,(Sell,8)","60%,(Wait,26)"
"Set3","10-02 Day","CYBER",3,"10-04 Day","69%,(Wait,27)","44%,(Wait,16)","63%,(Wait,27)"
"Set3","10-02 Day","CYBER",4,"10-05 Day","82%,(Buy,37)","39%,(Sell,9)","51%,(Wait,22)"
"Set3","10-02 Day","CYBER",5,"10-06 Day","58%,(Sell,14)","58%,(Sell,15)","45%,(Sell,14)"
"Set3","10-02 Day","CYBER",6,"10-07 Day","64%,(Sell,18)","33%,(Sell,7)","32%,(Sell,7)"
"Set3","10-02 Day","CYS",1,"10-03 Day","76%,(Buy,38)","46%,(Wait,24)","78%,(Buy,40)"
"Set3","10-02 Day","CYS",2,"10-04 Day","71%,(Wait,24)","44%,(Wait,22)","82%,(Buy,33)"
"Set3","10-02 Day","CYS",3,"10-05 Day","78%,(Sell,18)","26%,(Wait,9)","90%,(Wait,26)"
"Set3","10-02 Day","CYS",4,"10-06 Day","54%,(Sell,13)","14%,(Sell,5)","83%,(Sell,19)"
"Set3","10-02 Day","CYS",5,"10-07 Day","59%,(Sell,10)","38%,(Sell,11)","60%,(Sell,12)"
"Set3","10-02 Day","CYS",6,"10-08 Day","50%,(Sell,16)","52%,(Sell,12)","20%,(Sell,3)"
"Set3","10-02 Day","D",1,"10-03 Day","47%,(Wait,23)","52%,(Wait,27)","69%,(Buy,36)"
"Set3","10-02 Day","D",2,"10-04 Day","47%,(Sell,14)","48%,(Wait,19)","55%,(Wait,24)"
"Set3","10-02 Day","D",3,"10-05 Day","77%,(Buy,30)","29%,(Sell,7)","21%,(Sell,9)"
"Set3","10-02 Day","D",4,"10-06 Day","71%,(Wait,25)","27%,(Wait,8)","21%,(Wait,7)"
"Set3","10-02 Day","D",5,"10-07 Day","75%,(Sell,12)","19%,(Wait,5)","58%,(Sell,11)"
"Set3","10-02 Day","D",6,"10-08 Day","61%,(Sell,14)","24%,(Sell,6)","76%,(Sell,16)"
"Set3","10-02 Day","DAO",1,"10-02 Day","25%,(Sell,13)","38%,(Wait,20)","58%,(Buy,30)"
"Set3","10-02 Day","DAO",2,"10-03 Day","22%,(Wait,8)","82%,(Wait,28)","46%,(Sell,16)"
"Set3","10-02 Day","DAO",3,"10-04 Day","23%,(Wait,6)","30%,(Sell,7)","40%,(Wait,14)"
"Set3","10-02 Day","DAO",4,"10-05 Day","47%,(Sell,9)","17%,(Wait,4)","76%,(Sell,13)"
"Set3","10-02 Day","DAO",5,"10-06 Day","62%,(Sell,8)","77%,(Sell,17)","75%,(Sell,18)"
"Set3","10-02 Day","DAO",6,"10-07 Day","65%,(Sell,13)","27%,(Sell,4)","66%,(Wait,23)"
"Set3","10-02 Day","DATA",1,"10-03 Day","58%,(Buy,30)","44%,(Wait,23)","67%,(Buy,35)"
"Set3","10-02 Day","DATA",2,"10-04 Day","49%,(Wait,21)","45%,(Wait,17)","74%,(Wait,28)"
"Set3","10-02 Day","DATA",3,"10-05 Day","23%,(Sell,9)","38%,(Sell,18)","56%,(Wait,22)"
"Set3","10-02 Day","DATA",4,"10-06 Day","33%,(Wait,13)","36%,(Wait,16)","50%,(Sell,14)"
"Set3","10-02 Day","DATA",5,"10-07 Day","27%,(Sell,6)","34%,(Wait,13)","58%,(Sell,14)"
"Set3","10-02 Day","DATA",6,"10-08 Day","22%,(Sell,2)","36%,(Wait,13)","50%,(Sell,10)"
"Set3","10-02 Day","DBR",1,"10-03 Day","58%,(Buy,30)","63%,(Buy,33)","49%,(Wait,23)"
"Set3","10-02 Day","DBR",2,"10-04 Day","48%,(Wait,22)","29%,(Sell,7)","43%,(Sell,12)"
"Set3","10-02 Day","DBR",3,"10-05 Day","34%,(Sell,10)","17%,(Sell,3)","38%,(Sell,10)"
"Set3","10-02 Day","DBR",4,"10-06 Day","32%,(Sell,6)","22%,(Sell,2)","38%,(Wait,12)"
"Set3","10-02 Day","DBR",5,"10-07 Day","40%,(Sell,10)","73%,(Sell,19)","37%,(Sell,10)"
"Set3","10-02 Day","DBR",6,"10-08 Day","42%,(Sell,13)","6%,(Sell,2)","20%,(Wait,7)"
"Set3","10-02 Day","DEEP",1,"10-03 Day","12%,(Sell,6)","12%,(Sell,6)","0%,(Sell,0)"
"Set3","10-02 Day","DEEP",2,"10-04 Day","4%,(Sell,2)","7%,(Sell,3)","6%,(Sell,3)"
"Set3","10-02 Day","DEEP",3,"10-05 Day","5%,(Sell,2)","9%,(Sell,4)","8%,(Sell,3)"
"Set3","10-02 Day","DEEP",4,"10-06 Day","44%,(Sell,14)","11%,(Sell,4)","0%,(Sell,0)"
"Set3","10-02 Day","DEEP",5,"10-07 Day","86%,(Sell,18)","24%,(Wait,9)","30%,(Wait,10)"
"Set3","10-02 Day","DEEP",6,"10-08 Day","22%,(Sell,4)","11%,(Wait,3)","7%,(Sell,1)"
"Set3","10-02 Day","DEXE",1,"10-02 Day","54%,(Wait,28)","50%,(Wait,26)","62%,(Buy,32)"
"Set3","10-02 Day","DEXE",2,"10-03 Day","38%,(Wait,15)","53%,(Wait,25)","67%,(Buy,33)"
"Set3","10-02 Day","DEXE",3,"10-04 Day","37%,(Sell,10)","38%,(Wait,15)","65%,(Wait,26)"
"Set3","10-02 Day","DEXE",4,"10-05 Day","16%,(Wait,5)","18%,(Wait,6)","50%,(Sell,19)"
"Set3","10-02 Day","DEXE",5,"10-06 Day","18%,(Sell,7)","36%,(Sell,10)","43%,(Wait,18)"
"Set3","10-02 Day","DEXE",6,"10-07 Day","39%,(Sell,11)","45%,(Sell,10)","37%,(Wait,13)"
"Set3","10-02 Day","DKA",1,"10-02 Day","62%,(Buy,32)","40%,(Wait,21)","62%,(Buy,32)"
"Set3","10-02 Day","DKA",2,"10-03 Day","76%,(Wait,22)","50%,(Wait,21)","62%,(Wait,21)"
"Set3","10-02 Day","DKA",3,"10-04 Day","41%,(Sell,13)","20%,(Sell,4)","37%,(Wait,14)"
"Set3","10-02 Day","DKA",4,"10-05 Day","8%,(Sell,3)","0%,(Wait,0)","23%,(Wait,7)"
"Set3","10-02 Day","DKA",5,"10-06 Day","5%,(Sell,2)","0%,(Sell,0)","31%,(Wait,10)"
"Set3","10-02 Day","DKA",6,"10-07 Day","3%,(Wait,1)","9%,(Sell,3)","46%,(Sell,13)"
"Set3","10-02 Day","DOGE",1,"10-03 Day","56%,(Wait,28)","71%,(Buy,36)","52%,(Wait,23)"
"Set3","10-02 Day","DOGE",2,"10-04 Day","44%,(Wait,16)","78%,(Wait,25)","55%,(Wait,24)"
"Set3","10-02 Day","DOGE",3,"10-05 Day","18%,(Wait,6)","23%,(Wait,7)","30%,(Sell,7)"
"Set3","10-02 Day","DOGE",4,"10-06 Day","19%,(Wait,5)","19%,(Wait,5)","24%,(Wait,7)"
"Set3","10-02 Day","DOGE",5,"10-07 Day","0%,(Sell,0)","21%,(Wait,6)","24%,(Wait,7)"
"Set3","10-02 Day","DOGE",6,"10-08 Day","27%,(Sell,3)","33%,(Sell,3)","52%,(Sell,11)"
"Set3","10-02 Day","DOOD",1,"10-02 Day","38%,(Wait,20)","42%,(Wait,22)","13%,(Sell,7)"
"Set3","10-02 Day","DOOD",2,"10-03 Day","26%,(Sell,12)","30%,(Wait,9)","19%,(Sell,9)"
"Set3","10-02 Day","DOOD",3,"10-04 Day","25%,(Sell,10)","66%,(Wait,21)","24%,(Sell,11)"
"Set3","10-02 Day","DOOD",4,"10-05 Day","48%,(Wait,19)","48%,(Sell,14)","36%,(Wait,13)"
"Set3","10-02 Day","DOOD",5,"10-06 Day","37%,(Sell,7)","52%,(Sell,12)","43%,(Sell,12)"
"Set3","10-02 Day","DOOD",6,"10-07 Day","46%,(Sell,12)","81%,(Wait,25)","86%,(Sell,12)"
"Set3","10-02 Day","DOT",1,"10-02 Day","63%,(Buy,33)","46%,(Wait,24)","37%,(Sell,19)"
"Set3","10-02 Day","DOT",2,"10-03 Day","65%,(Wait,24)","34%,(Wait,12)","70%,(Wait,21)"
"Set3","10-02 Day","DOT",3,"10-04 Day","32%,(Sell,8)","14%,(Sell,3)","47%,(Sell,14)"
"Set3","10-02 Day","DOT",4,"10-05 Day","23%,(Sell,10)","5%,(Sell,2)","31%,(Sell,8)"
"Set3","10-02 Day","DOT",5,"10-06 Day","48%,(Wait,19)","26%,(Wait,8)","41%,(Wait,14)"
"Set3","10-02 Day","DOT",6,"10-07 Day","59%,(Sell,16)","71%,(Sell,15)","44%,(Sell,11)"
"Set3","10-02 Day","DYDX",1,"10-02 Day","8%,(Sell,4)","15%,(Sell,8)","4%,(Sell,2)"
"Set3","10-02 Day","DYDX",2,"10-03 Day","24%,(Sell,12)","3%,(Sell,1)","2%,(Sell,1)"
"Set3","10-02 Day","DYDX",3,"10-04 Day","10%,(Sell,4)","0%,(Sell,0)","10%,(Wait,3)"
"Set3","10-02 Day","DYDX",4,"10-05 Day","3%,(Sell,1)","16%,(Wait,4)","13%,(Sell,5)"
"Set3","10-02 Day","DYDX",5,"10-06 Day","7%,(Wait,2)","6%,(Sell,2)","18%,(Wait,6)"
"Set3","10-02 Day","DYDX",6,"10-07 Day","11%,(Sell,2)","0%,(Wait,0)","30%,(Sell,6)"
"Set3","10-02 Day","EDEN",1,"10-03 Day","65%,(Buy,34)","27%,(Sell,14)","38%,(Wait,20)"
"Set3","10-02 Day","EDEN",2,"10-04 Day","33%,(Sell,15)","27%,(Wait,10)","9%,(Sell,4)"
"Set3","10-02 Day","EDEN",3,"10-05 Day","38%,(Wait,14)","54%,(Wait,22)","8%,(Sell,3)"
"Set3","10-02 Day","EDEN",4,"10-06 Day","29%,(Wait,9)","67%,(Wait,20)","19%,(Wait,6)"
"Set3","10-02 Day","EDEN",5,"10-07 Day","18%,(Wait,5)","52%,(Sell,13)","22%,(Wait,8)"
"Set3","10-02 Day","EDEN",6,"10-08 Day","31%,(Wait,9)","23%,(Sell,5)","23%,(Wait,8)"
"Set3","10-02 Day","EDGE",1,"10-03 Day","24%,(Sell,12)","11%,(Sell,4)","40%,(Wait,17)"
"Set3","10-02 Day","EDGE",2,"10-04 Day","3%,(Sell,1)","40%,(Wait,14)","0%,(Wait,0)"
"Set3","10-02 Day","EDGE",3,"10-05 Day","9%,(Sell,3)","37%,(Wait,16)","0%,(Sell,0)"
"Set3","10-02 Day","EDGE",4,"10-06 Day","12%,(Wait,3)","0%,(Sell,0)","0%,(Wait,0)"
"Set3","10-02 Day","EDGE",5,"10-07 Day","29%,(Sell,7)","0%,(Sell,0)","0%,(Wait,0)"
"Set3","10-02 Day","EDGE",6,"10-08 Day","19%,(Wait,6)","4%,(Wait,1)","0%,(Wait,0)"
"Set3","10-02 Day","EDGEX",1,"10-03 Day","52%,(Wait,27)","21%,(Sell,11)","51%,(Wait,26)"
"Set3","10-02 Day","EDGEX",2,"10-04 Day","65%,(Buy,34)","37%,(Wait,13)","51%,(Wait,21)"
"Set3","10-02 Day","EDGEX",3,"10-05 Day","76%,(Buy,31)","62%,(Wait,20)","19%,(Wait,6)"
"Set3","10-02 Day","EDGEX",4,"10-06 Day","84%,(Buy,31)","78%,(Wait,21)","48%,(Wait,20)"
"Set3","10-02 Day","EDGEX",5,"10-07 Day","82%,(Wait,23)","85%,(Sell,17)","29%,(Sell,6)"
"Set3","10-02 Day","EDGEX",6,"10-08 Day","72%,(Sell,18)","38%,(Sell,5)","44%,(Wait,18)"
"Set3","10-02 Day","EDU",1,"10-02 Day","21%,(Sell,11)","40%,(Wait,21)","46%,(Wait,24)"
"Set3","10-02 Day","EDU",2,"10-03 Day","54%,(Sell,14)","39%,(Wait,15)","51%,(Wait,21)"
"Set3","10-02 Day","EDU",3,"10-04 Day","67%,(Sell,14)","39%,(Sell,9)","62%,(Wait,24)"
"Set3","10-02 Day","EDU",4,"10-05 Day","59%,(Sell,19)","70%,(Sell,19)","50%,(Sell,8)"
"Set3","10-02 Day","EDU",5,"10-06 Day","92%,(Wait,24)","65%,(Sell,17)","59%,(Sell,10)"
"Set3","10-02 Day","EDU",6,"10-07 Day","90%,(Wait,27)","65%,(Wait,20)","74%,(Wait,20)"
"Set3","10-02 Day","EGG",1,"10-02 Day","21%,(Sell,11)","37%,(Sell,19)","77%,(Buy,40)"
"Set3","10-02 Day","EGG",2,"10-03 Day","25%,(Sell,11)","55%,(Wait,23)","75%,(Wait,24)"
"Set3","10-02 Day","EGG",3,"10-04 Day","32%,(Wait,10)","9%,(Sell,3)","61%,(Wait,22)"
"Set3","10-02 Day","EGG",4,"10-05 Day","79%,(Wait,23)","18%,(Wait,6)","78%,(Wait,28)"
"Set3","10-02 Day","EGG",5,"10-06 Day","100%,(Sell,16)","49%,(Sell,18)","77%,(Wait,20)"
"Set3","10-02 Day","EGG",6,"10-07 Day","27%,(Sell,3)","36%,(Sell,10)","75%,(Wait,21)"
"Set3","10-02 Day","EGLD",1,"10-03 Day","33%,(Sell,17)","38%,(Wait,20)","19%,(Sell,10)"
"Set3","10-02 Day","EGLD",2,"10-04 Day","22%,(Wait,8)","37%,(Wait,16)","0%,(Wait,0)"
"Set3","10-02 Day","EGLD",3,"10-05 Day","21%,(Wait,6)","29%,(Wait,9)","3%,(Sell,1)"
"Set3","10-02 Day","EGLD",4,"10-06 Day","41%,(Sell,12)","15%,(Wait,5)","23%,(Wait,8)"
"Set3","10-02 Day","EGLD",5,"10-07 Day","18%,(Sell,3)","28%,(Sell,5)","13%,(Wait,3)"
"Set3","10-02 Day","EGLD",6,"10-08 Day","61%,(Sell,19)","45%,(Wait,19)","41%,(Sell,9)"
"Set3","10-02 Day","EIGEN",1,"10-02 Day","50%,(Wait,26)","62%,(Buy,32)","63%,(Buy,33)"
"Set3","10-02 Day","EIGEN",2,"10-03 Day","31%,(Wait,9)","69%,(Sell,18)","54%,(Wait,26)"
"Set3","10-02 Day","EIGEN",3,"10-04 Day","50%,(Sell,13)","22%,(Wait,6)","37%,(Sell,10)"
"Set3","10-02 Day","EIGEN",4,"10-05 Day","44%,(Wait,16)","5%,(Sell,1)","33%,(Wait,13)"
"Set3","10-02 Day","EIGEN",5,"10-06 Day","14%,(Wait,4)","9%,(Wait,2)","3%,(Wait,1)"
"Set3","10-02 Day","EIGEN",6,"10-07 Day","11%,(Sell,4)","0%,(Wait,0)","7%,(Sell,3)"
"Set3","10-02 Day","EL",1,"10-02 Day","44%,(Wait,23)","35%,(Sell,17)","73%,(Buy,38)"
"Set3","10-02 Day","EL",2,"10-03 Day","50%,(Sell,14)","54%,(Wait,21)","86%,(Buy,31)"
"Set3","10-02 Day","EL",3,"10-04 Day","86%,(Sell,19)","31%,(Wait,9)","73%,(Sell,11)"
"Set3","10-02 Day","EL",4,"10-05 Day","64%,(Sell,14)","26%,(Sell,5)","94%,(Sell,16)"
"Set3","10-02 Day","EL",5,"10-06 Day","61%,(Sell,17)","15%,(Wait,4)","61%,(Sell,11)"
"Set3","10-02 Day","EL",6,"10-07 Day","40%,(Wait,14)","19%,(Wait,6)","33%,(Wait,11)"
"Set3","10-02 Day","ELF",1,"10-02 Day","67%,(Buy,30)","35%,(Sell,18)","51%,(Wait,24)"
"Set3","10-02 Day","ELF",2,"10-03 Day","74%,(Wait,28)","70%,(Buy,31)","47%,(Sell,17)"
"Set3","10-02 Day","ELF",3,"10-04 Day","23%,(Sell,5)","41%,(Sell,13)","63%,(Sell,17)"
"Set3","10-02 Day","ELF",4,"10-05 Day","42%,(Sell,8)","32%,(Sell,7)","50%,(Sell,9)"
"Set3","10-02 Day","ELF",5,"10-06 Day","64%,(Sell,9)","31%,(Wait,11)","68%,(Sell,13)"
"Set3","10-02 Day","ELF",6,"10-07 Day","82%,(Sell,14)","43%,(Wait,16)","55%,(Sell,12)"
"Set3","10-02 Day","ELSA",1,"10-03 Day","46%,(Wait,23)","50%,(Wait,26)","27%,(Sell,14)"
"Set3","10-02 Day","ELSA",2,"10-04 Day","25%,(Wait,9)","40%,(Wait,16)","45%,(Wait,17)"
"Set3","10-02 Day","ELSA",3,"10-05 Day","11%,(Wait,3)","43%,(Wait,16)","13%,(Wait,4)"
"Set3","10-02 Day","ELSA",4,"10-06 Day","15%,(Wait,4)","44%,(Sell,12)","8%,(Wait,2)"
"Set3","10-02 Day","ELSA",5,"10-07 Day","24%,(Sell,5)","31%,(Sell,4)","6%,(Sell,1)"
"Set3","10-02 Day","ELSA",6,"10-08 Day","32%,(Sell,6)","19%,(Sell,3)","15%,(Sell,3)"
"Set3","10-02 Day","ENA",1,"10-03 Day","42%,(Wait,22)","27%,(Sell,14)","24%,(Sell,10)"
"Set3","10-02 Day","ENA",2,"10-04 Day","76%,(Wait,29)","50%,(Wait,21)","47%,(Wait,21)"
"Set3","10-02 Day","ENA",3,"10-05 Day","34%,(Wait,12)","64%,(Sell,16)","62%,(Wait,20)"
"Set3","10-02 Day","ENA",4,"10-06 Day","4%,(Wait,1)","41%,(Sell,7)","61%,(Sell,11)"
"Set3","10-02 Day","ENA",5,"10-07 Day","46%,(Sell,11)","27%,(Sell,6)","52%,(Sell,12)"
"Set3","10-02 Day","ENA",6,"10-08 Day","56%,(Wait,24)","72%,(Sell,18)","62%,(Wait,21)"
"Set3","10-02 Day","ENJ",1,"10-03 Day","54%,(Wait,28)","40%,(Wait,20)","40%,(Wait,21)"
"Set3","10-02 Day","ENJ",2,"10-04 Day","56%,(Wait,27)","70%,(Buy,31)","71%,(Wait,29)"
"Set3","10-02 Day","ENJ",3,"10-05 Day","31%,(Wait,11)","80%,(Wait,28)","48%,(Sell,14)"
"Set3","10-02 Day","ENJ",4,"10-06 Day","14%,(Sell,3)","38%,(Sell,5)","15%,(Sell,3)"
"Set3","10-02 Day","ENJ",5,"10-07 Day","62%,(Sell,8)","26%,(Sell,6)","26%,(Wait,7)"
"Set3","10-02 Day","ENJ",6,"10-08 Day","64%,(Sell,7)","0%,(Wait,0)","18%,(Wait,5)"
"Set3","10-02 Day","ENS",1,"10-02 Day","42%,(Wait,22)","25%,(Sell,13)","42%,(Wait,22)"
"Set3","10-02 Day","ENS",2,"10-03 Day","19%,(Sell,8)","12%,(Sell,5)","19%,(Wait,6)"
"Set3","10-02 Day","ENS",3,"10-04 Day","31%,(Wait,11)","50%,(Sell,17)","19%,(Wait,5)"
"Set3","10-02 Day","ENS",4,"10-05 Day","63%,(Sell,19)","65%,(Wait,28)","8%,(Wait,2)"
"Set3","10-02 Day","ENS",5,"10-06 Day","73%,(Wait,27)","67%,(Wait,24)","32%,(Sell,8)"
"Set3","10-02 Day","ENS",6,"10-07 Day","90%,(Wait,28)","73%,(Sell,16)","42%,(Wait,15)"
"Set3","10-02 Day","ENSO",1,"10-02 Day","73%,(Buy,38)","82%,(Buy,36)","67%,(Buy,35)"
"Set3","10-02 Day","ENSO",2,"10-03 Day","69%,(Wait,20)","69%,(Buy,33)","73%,(Buy,35)"
"Set3","10-02 Day","ENSO",3,"10-04 Day","12%,(Wait,3)","68%,(Wait,28)","74%,(Wait,20)"
"Set3","10-02 Day","ENSO",4,"10-05 Day","12%,(Wait,3)","32%,(Wait,11)","45%,(Sell,15)"
"Set3","10-02 Day","ENSO",5,"10-06 Day","0%,(Sell,0)","36%,(Wait,14)","33%,(Wait,10)"
"Set3","10-02 Day","ENSO",6,"10-07 Day","0%,(Wait,0)","14%,(Sell,5)","21%,(Wait,7)"
"Set3","10-02 Day","EPT",1,"10-02 Day","50%,(Wait,26)","58%,(Buy,30)","76%,(Buy,39)"
"Set3","10-02 Day","EPT",2,"10-03 Day","30%,(Wait,11)","41%,(Sell,11)","62%,(Sell,16)"
"Set3","10-02 Day","EPT",3,"10-04 Day","63%,(Sell,19)","85%,(Sell,17)","33%,(Sell,9)"
"Set3","10-02 Day","EPT",4,"10-05 Day","95%,(Buy,35)","91%,(Wait,29)","83%,(Sell,19)"
"Set3","10-02 Day","EPT",5,"10-06 Day","75%,(Sell,12)","82%,(Sell,14)","73%,(Sell,16)"
"Set3","10-02 Day","EPT",6,"10-07 Day","64%,(Sell,7)","38%,(Sell,8)","10%,(Sell,1)"
"Set3","10-02 Day","ERA",1,"10-02 Day","26%,(Wait,10)","33%,(Sell,17)","47%,(Wait,20)"
"Set3","10-02 Day","ERA",2,"10-03 Day","23%,(Wait,7)","26%,(Wait,10)","27%,(Sell,6)"
"Set3","10-02 Day","ERA",3,"10-04 Day","25%,(Wait,7)","20%,(Sell,4)","32%,(Sell,7)"
"Set3","10-02 Day","ERA",4,"10-05 Day","23%,(Wait,7)","10%,(Wait,3)","20%,(Wait,5)"
"Set3","10-02 Day","ERA",5,"10-06 Day","19%,(Wait,6)","33%,(Wait,13)","15%,(Wait,5)"
"Set3","10-02 Day","ERA",6,"10-07 Day","21%,(Sell,5)","42%,(Sell,10)","15%,(Wait,4)"
"Set3","10-02 Day","ESP",1,"10-02 Day","19%,(Sell,10)","23%,(Sell,12)","46%,(Wait,24)"
"Set3","10-02 Day","ESP",2,"10-03 Day","10%,(Sell,4)","27%,(Sell,12)","15%,(Sell,6)"
"Set3","10-02 Day","ESP",3,"10-04 Day","4%,(Sell,2)","21%,(Wait,7)","19%,(Wait,7)"
"Set3","10-02 Day","ESP",4,"10-05 Day","3%,(Sell,1)","17%,(Wait,5)","14%,(Wait,4)"
"Set3","10-02 Day","ESP",5,"10-06 Day","19%,(Wait,5)","11%,(Sell,4)","12%,(Wait,3)"
"Set3","10-02 Day","ESP",6,"10-07 Day","15%,(Wait,4)","13%,(Sell,5)","10%,(Sell,2)"
"Set3","10-02 Day","ETC",1,"10-02 Day","20%,(Sell,10)","21%,(Sell,11)","54%,(Wait,28)"
"Set3","10-02 Day","ETC",2,"10-03 Day","19%,(Sell,7)","14%,(Sell,6)","25%,(Wait,7)"
"Set3","10-02 Day","ETC",3,"10-04 Day","17%,(Wait,6)","13%,(Sell,6)","12%,(Wait,4)"
"Set3","10-02 Day","ETC",4,"10-05 Day","17%,(Wait,6)","9%,(Sell,3)","4%,(Sell,2)"
"Set3","10-02 Day","ETC",5,"10-06 Day","21%,(Wait,6)","9%,(Wait,2)","12%,(Wait,4)"
"Set3","10-02 Day","ETC",6,"10-07 Day","42%,(Sell,11)","20%,(Sell,4)","9%,(Sell,3)"
"Set3","10-02 Day","ETH",1,"10-03 Day","33%,(Sell,17)","29%,(Sell,15)","62%,(Buy,32)"
"Set3","10-02 Day","ETH",2,"10-04 Day","20%,(Sell,9)","22%,(Sell,9)","49%,(Sell,18)"
"Set3","10-02 Day","ETH",3,"10-05 Day","22%,(Wait,7)","22%,(Wait,8)","44%,(Sell,11)"
"Set3","10-02 Day","ETH",4,"10-06 Day","57%,(Sell,13)","46%,(Sell,13)","6%,(Sell,1)"
"Set3","10-02 Day","ETH",5,"10-07 Day","36%,(Sell,4)","33%,(Sell,7)","71%,(Wait,22)"
"Set3","10-02 Day","ETH",6,"10-08 Day","60%,(Sell,15)","50%,(Sell,10)","64%,(Sell,16)"
"Set3","10-02 Day","ETHFI",1,"10-02 Day","52%,(Wait,27)","27%,(Sell,14)","35%,(Sell,18)"
"Set3","10-02 Day","ETHFI",2,"10-03 Day","27%,(Wait,8)","41%,(Sell,13)","35%,(Wait,15)"
"Set3","10-02 Day","ETHFI",3,"10-04 Day","21%,(Wait,6)","9%,(Sell,3)","45%,(Sell,10)"
"Set3","10-02 Day","ETHFI",4,"10-05 Day","15%,(Wait,4)","0%,(Wait,0)","18%,(Sell,3)"
"Set3","10-02 Day","ETHFI",5,"10-06 Day","62%,(Wait,21)","22%,(Wait,8)","23%,(Sell,5)"
"Set3","10-02 Day","ETHFI",6,"10-07 Day","56%,(Sell,15)","36%,(Sell,9)","44%,(Wait,16)"
"Set3","10-02 Day","EUL",1,"10-02 Day","48%,(Wait,25)","23%,(Sell,12)","48%,(Wait,25)"
"Set3","10-02 Day","EUL",2,"10-03 Day","70%,(Buy,33)","42%,(Wait,15)","36%,(Wait,14)"
"Set3","10-02 Day","EUL",3,"10-04 Day","63%,(Wait,26)","67%,(Wait,22)","59%,(Sell,13)"
"Set3","10-02 Day","EUL",4,"10-05 Day","70%,(Sell,14)","60%,(Wait,21)","94%,(Sell,15)"
"Set3","10-02 Day","EUL",5,"10-06 Day","39%,(Sell,7)","21%,(Sell,5)","76%,(Sell,13)"
"Set3","10-02 Day","EUL",6,"10-07 Day","48%,(Sell,10)","75%,(Sell,9)","65%,(Sell,11)"
"Set3","10-02 Day","FALSE",1,"10-02 Day","54%,(Wait,28)","56%,(Wait,29)","6%,(Sell,3)"
"Set3","10-02 Day","FALSE",2,"10-03 Day","2%,(Sell,1)","44%,(Wait,16)","4%,(Sell,2)"
"Set3","10-02 Day","FALSE",3,"10-04 Day","27%,(Sell,13)","12%,(Wait,3)","3%,(Sell,1)"
"Set3","10-02 Day","FALSE",4,"10-05 Day","2%,(Sell,1)","31%,(Wait,11)","10%,(Wait,3)"
"Set3","10-02 Day","FALSE",5,"10-06 Day","10%,(Wait,3)","16%,(Sell,6)","6%,(Sell,2)"
"Set3","10-02 Day","FALSE",6,"10-07 Day","38%,(Sell,11)","19%,(Wait,7)","0%,(Wait,0)"
"Set3","10-02 Day","FANC",1,"10-03 Day","33%,(Sell,17)","42%,(Wait,22)","50%,(Wait,24)"
"Set3","10-02 Day","FANC",2,"10-04 Day","35%,(Wait,11)","42%,(Wait,18)","24%,(Sell,10)"
"Set3","10-02 Day","FANC",3,"10-05 Day","20%,(Wait,6)","30%,(Wait,10)","30%,(Sell,7)"
"Set3","10-02 Day","FANC",4,"10-06 Day","14%,(Sell,5)","35%,(Wait,14)","4%,(Wait,1)"
"Set3","10-02 Day","FANC",5,"10-07 Day","3%,(Wait,1)","33%,(Wait,12)","11%,(Sell,2)"
"Set3","10-02 Day","FANC",6,"10-08 Day","14%,(Sell,3)","37%,(Sell,10)","29%,(Sell,7)"
"Set3","10-02 Day","FCT2",1,"10-02 Day","37%,(Sell,19)","16%,(Sell,8)","45%,(Wait,23)"
"Set3","10-02 Day","FCT2",2,"10-03 Day","45%,(Sell,14)","31%,(Wait,13)","78%,(Wait,25)"
"Set3","10-02 Day","FCT2",3,"10-04 Day","31%,(Sell,8)","12%,(Wait,4)","23%,(Wait,6)"
"Set3","10-02 Day","FCT2",4,"10-05 Day","38%,(Wait,14)","22%,(Wait,7)","11%,(Sell,4)"
"Set3","10-02 Day","FCT2",5,"10-06 Day","7%,(Wait,2)","12%,(Wait,3)","11%,(Wait,3)"
"Set3","10-02 Day","FCT2",6,"10-07 Day","32%,(Wait,11)","17%,(Wait,4)","17%,(Sell,6)"
"Set3","10-02 Day","FET",1,"10-03 Day","61%,(Wait,23)","35%,(Sell,18)","52%,(Wait,27)"
"Set3","10-02 Day","FET",2,"10-04 Day","64%,(Wait,27)","30%,(Wait,11)","50%,(Wait,25)"
"Set3","10-02 Day","FET",3,"10-05 Day","35%,(Sell,7)","18%,(Wait,6)","25%,(Sell,11)"
"Set3","10-02 Day","FET",4,"10-06 Day","27%,(Sell,7)","43%,(Wait,15)","40%,(Wait,17)"
"Set3","10-02 Day","FET",5,"10-07 Day","72%,(Wait,23)","61%,(Sell,11)","30%,(Sell,8)"
"Set3","10-02 Day","FET",6,"10-08 Day","84%,(Wait,27)","65%,(Sell,13)","73%,(Wait,24)"
"Set3","10-02 Day","FF",1,"10-02 Day","55%,(Wait,28)","43%,(Wait,22)","43%,(Wait,20)"
"Set3","10-02 Day","FF",2,"10-03 Day","67%,(Wait,24)","39%,(Wait,18)","42%,(Wait,15)"
"Set3","10-02 Day","FF",3,"10-04 Day","65%,(Wait,22)","69%,(Sell,18)","38%,(Wait,14)"
"Set3","10-02 Day","FF",4,"10-05 Day","33%,(Sell,7)","54%,(Sell,15)","41%,(Sell,11)"
"Set3","10-02 Day","FF",5,"10-06 Day","70%,(Sell,16)","50%,(Sell,14)","71%,(Wait,20)"
"Set3","10-02 Day","FF",6,"10-07 Day","50%,(Sell,11)","50%,(Sell,8)","60%,(Sell,15)"
"Set3","10-02 Day","FIL",1,"10-03 Day","46%,(Wait,24)","38%,(Wait,20)","48%,(Wait,25)"
"Set3","10-02 Day","FIL",2,"10-04 Day","65%,(Wait,24)","26%,(Sell,11)","67%,(Wait,26)"
"Set3","10-02 Day","FIL",3,"10-05 Day","51%,(Sell,18)","50%,(Sell,19)","62%,(Wait,21)"
"Set3","10-02 Day","FIL",4,"10-06 Day","48%,(Sell,12)","39%,(Wait,13)","41%,(Wait,17)"
"Set3","10-02 Day","FIL",5,"10-07 Day","16%,(Sell,3)","0%,(Sell,0)","19%,(Wait,5)"
"Set3","10-02 Day","FIL",6,"10-08 Day","4%,(Wait,1)","41%,(Sell,13)","11%,(Sell,2)"
"Set3","10-02 Day","FLOCK",1,"10-02 Day","54%,(Wait,28)","45%,(Wait,23)","71%,(Buy,32)"
"Set3","10-02 Day","FLOCK",2,"10-03 Day","70%,(Wait,26)","53%,(Sell,17)","42%,(Wait,16)"
"Set3","10-02 Day","FLOCK",3,"10-04 Day","59%,(Sell,19)","68%,(Wait,27)","56%,(Wait,27)"
"Set3","10-02 Day","FLOCK",4,"10-05 Day","51%,(Sell,18)","42%,(Sell,14)","66%,(Sell,19)"
"Set3","10-02 Day","FLOCK",5,"10-06 Day","67%,(Sell,16)","40%,(Wait,16)","62%,(Sell,13)"
"Set3","10-02 Day","FLOCK",6,"10-07 Day","93%,(Sell,14)","44%,(Sell,12)","44%,(Sell,8)"
"Set3","10-02 Day","FLOKI",1,"10-02 Day","23%,(Sell,12)","47%,(Wait,24)","21%,(Sell,11)"
"Set3","10-02 Day","FLOKI",2,"10-03 Day","16%,(Wait,5)","12%,(Sell,5)","34%,(Wait,12)"
"Set3","10-02 Day","FLOKI",3,"10-04 Day","11%,(Sell,5)","29%,(Wait,10)","28%,(Wait,8)"
"Set3","10-02 Day","FLOKI",4,"10-05 Day","13%,(Wait,4)","69%,(Sell,11)","10%,(Sell,4)"
"Set3","10-02 Day","FLOKI",5,"10-06 Day","24%,(Sell,11)","18%,(Sell,4)","32%,(Wait,12)"
"Set3","10-02 Day","FLOKI",6,"10-07 Day","6%,(Sell,2)","0%,(Sell,0)","17%,(Sell,4)"
"Set3","10-02 Day","FLR",1,"10-02 Day","52%,(Wait,27)","33%,(Sell,17)","54%,(Wait,28)"
"Set3","10-02 Day","FLR",2,"10-03 Day","44%,(Sell,15)","28%,(Wait,11)","65%,(Wait,24)"
"Set3","10-02 Day","FLR",3,"10-04 Day","20%,(Sell,3)","23%,(Wait,7)","78%,(Wait,25)"
"Set3","10-02 Day","FLR",4,"10-05 Day","31%,(Wait,10)","3%,(Sell,1)","60%,(Sell,18)"
"Set3","10-02 Day","FLR",5,"10-06 Day","32%,(Sell,9)","33%,(Sell,8)","64%,(Sell,18)"
"Set3","10-02 Day","FLR",6,"10-07 Day","50%,(Sell,9)","33%,(Sell,8)","48%,(Sell,15)"
"Set3","10-02 Day","FLUID",1,"10-02 Day","94%,(Buy,46)","18%,(Sell,9)","69%,(Buy,36)"
"Set3","10-02 Day","FLUID",2,"10-03 Day","95%,(Buy,41)","12%,(Sell,6)","93%,(Wait,25)"
"Set3","10-02 Day","FLUID",3,"10-04 Day","82%,(Wait,27)","17%,(Sell,6)","92%,(Wait,22)"
"Set3","10-02 Day","FLUID",4,"10-05 Day","47%,(Sell,14)","33%,(Sell,4)","66%,(Wait,25)"
"Set3","10-02 Day","FLUID",5,"10-06 Day","23%,(Sell,5)","25%,(Sell,4)","29%,(Wait,8)"
"Set3","10-02 Day","FLUID",6,"10-07 Day","10%,(Wait,3)","20%,(Sell,3)","0%,(Sell,0)"
"Set3","10-02 Day","FLUX",1,"10-02 Day","21%,(Sell,11)","42%,(Wait,22)","33%,(Sell,17)"
"Set3","10-02 Day","FLUX",2,"10-03 Day","12%,(Sell,5)","24%,(Wait,9)","15%,(Wait,4)"
"Set3","10-02 Day","FLUX",3,"10-04 Day","10%,(Sell,4)","32%,(Wait,11)","24%,(Wait,9)"
"Set3","10-02 Day","FLUX",4,"10-05 Day","29%,(Wait,8)","55%,(Sell,17)","17%,(Wait,4)"
"Set3","10-02 Day","FLUX",5,"10-06 Day","38%,(Wait,13)","52%,(Sell,12)","27%,(Sell,4)"
"Set3","10-02 Day","FLUX",6,"10-07 Day","35%,(Sell,7)","19%,(Sell,4)","12%,(Sell,2)"
"Set3","10-02 Day","FORT",1,"10-02 Day","35%,(Sell,18)","31%,(Sell,16)","40%,(Wait,21)"
"Set3","10-02 Day","FORT",2,"10-03 Day","21%,(Sell,10)","16%,(Sell,6)","72%,(Wait,21)"
"Set3","10-02 Day","FORT",3,"10-04 Day","58%,(Sell,18)","23%,(Wait,8)","65%,(Sell,13)"
"Set3","10-02 Day","FORT",4,"10-05 Day","90%,(Sell,19)","22%,(Wait,6)","71%,(Wait,24)"
"Set3","10-02 Day","FORT",5,"10-06 Day","88%,(Wait,22)","11%,(Sell,2)","68%,(Wait,23)"
"Set3","10-02 Day","FORT",6,"10-07 Day","87%,(Wait,20)","54%,(Sell,7)","61%,(Sell,19)"
"Set3","10-02 Day","FRAX",1,"10-02 Day","40%,(Wait,21)","25%,(Sell,13)","75%,(Buy,39)"
"Set3","10-02 Day","FRAX",2,"10-03 Day","34%,(Wait,15)","15%,(Wait,5)","44%,(Sell,14)"
"Set3","10-02 Day","FRAX",3,"10-04 Day","30%,(Sell,8)","8%,(Sell,3)","12%,(Wait,3)"
"Set3","10-02 Day","FRAX",4,"10-05 Day","7%,(Wait,2)","10%,(Sell,4)","3%,(Sell,1)"
"Set3","10-02 Day","FRAX",5,"10-06 Day","19%,(Wait,6)","23%,(Wait,7)","4%,(Wait,1)"
"Set3","10-02 Day","FRAX",6,"10-07 Day","23%,(Sell,5)","15%,(Wait,4)","12%,(Wait,3)"
"Set3","10-02 Day","G",1,"10-02 Day","69%,(Buy,36)","38%,(Wait,20)","85%,(Buy,44)"
"Set3","10-02 Day","G",2,"10-03 Day","80%,(Wait,28)","83%,(Wait,24)","86%,(Buy,37)"
"Set3","10-02 Day","G",3,"10-04 Day","76%,(Wait,22)","89%,(Sell,17)","76%,(Buy,32)"
"Set3","10-02 Day","G",4,"10-05 Day","75%,(Sell,9)","86%,(Sell,19)","60%,(Sell,12)"
"Set3","10-02 Day","G",5,"10-06 Day","55%,(Sell,11)","84%,(Sell,16)","54%,(Sell,13)"
"Set3","10-02 Day","G",6,"10-07 Day","53%,(Sell,10)","100%,(Sell,5)","62%,(Sell,8)"
"Set3","10-02 Day","GALA",1,"10-03 Day","33%,(Sell,17)","23%,(Sell,12)","44%,(Wait,23)"
"Set3","10-02 Day","GALA",2,"10-04 Day","33%,(Wait,14)","11%,(Sell,5)","29%,(Wait,9)"
"Set3","10-02 Day","GALA",3,"10-05 Day","53%,(Sell,16)","12%,(Sell,6)","32%,(Sell,9)"
"Set3","10-02 Day","GALA",4,"10-06 Day","68%,(Sell,13)","14%,(Sell,6)","23%,(Wait,7)"
"Set3","10-02 Day","GALA",5,"10-07 Day","67%,(Sell,12)","18%,(Wait,5)","24%,(Sell,5)"
"Set3","10-02 Day","GALA",6,"10-08 Day","29%,(Sell,6)","6%,(Sell,2)","28%,(Sell,5)"
"Set3","10-02 Day","GAME2",1,"10-02 Day","58%,(Buy,30)","63%,(Buy,33)","75%,(Buy,39)"
"Set3","10-02 Day","GAME2",2,"10-03 Day","55%,(Wait,22)","11%,(Sell,5)","73%,(Buy,32)"
"Set3","10-02 Day","GAME2",3,"10-04 Day","67%,(Sell,16)","0%,(Sell,0)","86%,(Sell,19)"
"Set3","10-02 Day","GAME2",4,"10-05 Day","70%,(Sell,14)","30%,(Sell,3)","100%,(Wait,21)"
"Set3","10-02 Day","GAME2",5,"10-06 Day","61%,(Sell,11)","44%,(Sell,7)","58%,(Wait,21)"
"Set3","10-02 Day","GAME2",6,"10-07 Day","38%,(Sell,10)","37%,(Sell,10)","12%,(Wait,4)"
"Set3","10-02 Day","GAS",1,"10-02 Day","42%,(Wait,22)","42%,(Wait,22)","52%,(Wait,27)"
"Set3","10-02 Day","GAS",2,"10-03 Day","81%,(Buy,34)","38%,(Wait,14)","47%,(Sell,14)"
"Set3","10-02 Day","GAS",3,"10-04 Day","45%,(Sell,10)","57%,(Sell,17)","57%,(Sell,16)"
"Set3","10-02 Day","GAS",4,"10-05 Day","60%,(Wait,21)","61%,(Sell,19)","41%,(Wait,18)"
"Set3","10-02 Day","GAS",5,"10-06 Day","50%,(Sell,13)","22%,(Sell,4)","39%,(Sell,12)"
"Set3","10-02 Day","GAS",6,"10-07 Day","62%,(Sell,16)","6%,(Sell,1)","42%,(Wait,16)"
"Set3","10-02 Day","GHX",1,"10-02 Day","56%,(Wait,29)","44%,(Wait,23)","50%,(Wait,26)"
"Set3","10-02 Day","GHX",2,"10-03 Day","68%,(Sell,13)","70%,(Wait,26)","65%,(Wait,22)"
"Set3","10-02 Day","GHX",3,"10-04 Day","35%,(Sell,9)","60%,(Sell,12)","16%,(Wait,4)"
"Set3","10-02 Day","GHX",4,"10-05 Day","15%,(Wait,5)","48%,(Sell,14)","4%,(Wait,1)"
"Set3","10-02 Day","GHX",5,"10-06 Day","4%,(Wait,1)","25%,(Wait,8)","13%,(Wait,3)"
"Set3","10-02 Day","GHX",6,"10-07 Day","5%,(Wait,1)","21%,(Wait,6)","6%,(Sell,1)"
"Set3","10-02 Day","GLM",1,"10-02 Day","60%,(Buy,31)","56%,(Wait,29)","29%,(Sell,14)"
"Set3","10-02 Day","GLM",2,"10-03 Day","22%,(Sell,9)","46%,(Wait,17)","31%,(Wait,11)"
"Set3","10-02 Day","GLM",3,"10-04 Day","41%,(Wait,14)","9%,(Wait,3)","35%,(Wait,13)"
"Set3","10-02 Day","GLM",4,"10-05 Day","35%,(Wait,11)","21%,(Sell,3)","9%,(Sell,3)"
"Set3","10-02 Day","GLM",5,"10-06 Day","49%,(Sell,18)","54%,(Sell,14)","19%,(Wait,6)"
"Set3","10-02 Day","GLM",6,"10-07 Day","32%,(Sell,6)","7%,(Sell,1)","26%,(Wait,7)"
"Set3","10-02 Day","GMT",1,"10-02 Day","60%,(Buy,30)","62%,(Buy,32)","60%,(Buy,31)"
"Set3","10-02 Day","GMT",2,"10-03 Day","62%,(Wait,25)","64%,(Wait,27)","69%,(Buy,31)"
"Set3","10-02 Day","GMT",3,"10-04 Day","35%,(Sell,9)","57%,(Sell,13)","46%,(Wait,19)"
"Set3","10-02 Day","GMT",4,"10-05 Day","30%,(Sell,8)","62%,(Sell,16)","33%,(Wait,11)"
"Set3","10-02 Day","GMT",5,"10-06 Day","24%,(Wait,7)","52%,(Sell,13)","25%,(Sell,6)"
"Set3","10-02 Day","GMT",6,"10-07 Day","20%,(Wait,6)","35%,(Sell,8)","22%,(Wait,6)"
"Set3","10-02 Day","GMX",1,"10-02 Day","56%,(Wait,29)","35%,(Sell,18)","60%,(Buy,30)"
"Set3","10-02 Day","GMX",2,"10-03 Day","30%,(Sell,8)","49%,(Wait,19)","64%,(Wait,23)"
"Set3","10-02 Day","GMX",3,"10-04 Day","72%,(Sell,18)","34%,(Wait,11)","60%,(Sell,18)"
"Set3","10-02 Day","GMX",4,"10-05 Day","85%,(Buy,33)","53%,(Sell,17)","60%,(Sell,15)"
"Set3","10-02 Day","GMX",5,"10-06 Day","88%,(Buy,35)","29%,(Wait,9)","61%,(Sell,19)"
"Set3","10-02 Day","GMX",6,"10-07 Day","57%,(Sell,8)","25%,(Wait,7)","67%,(Sell,8)"
"Set3","10-02 Day","GNO",1,"10-02 Day","81%,(Buy,42)","77%,(Buy,40)","51%,(Wait,24)"
"Set3","10-02 Day","GNO",2,"10-03 Day","49%,(Wait,20)","52%,(Sell,17)","41%,(Sell,12)"
"Set3","10-02 Day","GNO",3,"10-04 Day","41%,(Wait,14)","30%,(Sell,7)","73%,(Wait,22)"
"Set3","10-02 Day","GNO",4,"10-05 Day","60%,(Sell,12)","15%,(Wait,4)","63%,(Wait,22)"
"Set3","10-02 Day","GNO",5,"10-06 Day","31%,(Sell,4)","24%,(Sell,6)","52%,(Sell,14)"
"Set3","10-02 Day","GNO",6,"10-07 Day","10%,(Wait,3)","35%,(Wait,11)","56%,(Sell,19)"
"Set3","10-02 Day","GPS",1,"10-02 Day","65%,(Buy,34)","85%,(Buy,44)","44%,(Wait,23)"
"Set3","10-02 Day","GPS",2,"10-03 Day","56%,(Sell,15)","27%,(Wait,9)","53%,(Wait,25)"
"Set3","10-02 Day","GPS",3,"10-04 Day","52%,(Sell,13)","53%,(Sell,16)","35%,(Wait,12)"
"Set3","10-02 Day","GPS",4,"10-05 Day","87%,(Wait,20)","56%,(Sell,19)","73%,(Sell,19)"
"Set3","10-02 Day","GPS",5,"10-06 Day","100%,(Wait,25)","81%,(Buy,30)","90%,(Sell,18)"
"Set3","10-02 Day","GPS",6,"10-07 Day","96%,(Wait,22)","100%,(Wait,29)","70%,(Sell,14)"
"Set3","10-02 Day","GRAM",1,"10-03 Day","33%,(Sell,17)","50%,(Wait,26)","17%,(Sell,9)"
"Set3","10-02 Day","GRAM",2,"10-04 Day","0%,(Sell,0)","14%,(Sell,7)","8%,(Wait,2)"
"Set3","10-02 Day","GRAM",3,"10-05 Day","3%,(Wait,1)","2%,(Sell,1)","24%,(Wait,9)"
"Set3","10-02 Day","GRAM",4,"10-06 Day","27%,(Sell,7)","49%,(Wait,19)","27%,(Wait,10)"
"Set3","10-02 Day","GRAM",5,"10-07 Day","50%,(Sell,9)","59%,(Wait,22)","33%,(Sell,9)"
"Set3","10-02 Day","GRAM",6,"10-08 Day","0%,(Sell,0)","29%,(Sell,5)","0%,(Sell,0)"
"Set3","10-02 Day","GRASS",1,"10-02 Day","23%,(Sell,12)","2%,(Sell,1)","10%,(Sell,5)"
"Set3","10-02 Day","GRASS",2,"10-03 Day","43%,(Sell,13)","14%,(Sell,6)","10%,(Sell,4)"
"Set3","10-02 Day","GRASS",3,"10-04 Day","27%,(Wait,8)","26%,(Wait,8)","16%,(Wait,5)"
"Set3","10-02 Day","GRASS",4,"10-05 Day","23%,(Wait,6)","14%,(Wait,4)","22%,(Sell,4)"
"Set3","10-02 Day","GRASS",5,"10-06 Day","9%,(Sell,1)","22%,(Wait,7)","22%,(Sell,4)"
"Set3","10-02 Day","GRASS",6,"10-07 Day","38%,(Sell,8)","18%,(Sell,3)","55%,(Sell,11)"
"Set3","10-02 Day","GRND",1,"10-02 Day","43%,(Wait,22)","18%,(Sell,9)","24%,(Sell,12)"
"Set3","10-02 Day","GRND",2,"10-03 Day","17%,(Sell,6)","22%,(Sell,10)","19%,(Wait,6)"
"Set3","10-02 Day","GRND",3,"10-04 Day","41%,(Wait,15)","42%,(Wait,19)","41%,(Sell,11)"
"Set3","10-02 Day","GRND",4,"10-05 Day","65%,(Sell,13)","0%,(Wait,0)","70%,(Sell,19)"
"Set3","10-02 Day","GRND",5,"10-06 Day","24%,(Sell,5)","19%,(Wait,6)","62%,(Sell,8)"
"Set3","10-02 Day","GRND",6,"10-07 Day","24%,(Wait,8)","12%,(Sell,1)","80%,(Sell,12)"
"Set3","10-02 Day","GRT",1,"10-02 Day","33%,(Sell,17)","8%,(Sell,4)","18%,(Sell,9)"
"Set3","10-02 Day","GRT",2,"10-03 Day","7%,(Sell,3)","19%,(Sell,8)","8%,(Sell,3)"
"Set3","10-02 Day","GRT",3,"10-04 Day","36%,(Wait,12)","50%,(Sell,15)","6%,(Wait,2)"
"Set3","10-02 Day","GRT",4,"10-05 Day","65%,(Sell,15)","26%,(Wait,7)","44%,(Sell,12)"
"Set3","10-02 Day","GRT",5,"10-06 Day","33%,(Sell,4)","27%,(Sell,6)","70%,(Sell,14)"
"Set3","10-02 Day","GRT",6,"10-07 Day","38%,(Sell,5)","40%,(Sell,6)","17%,(Sell,1)"
"Set3","10-02 Day","GTC",1,"10-03 Day","44%,(Wait,22)","37%,(Sell,19)","15%,(Sell,8)"
"Set3","10-02 Day","GTC",2,"10-04 Day","3%,(Sell,1)","6%,(Wait,2)","5%,(Sell,2)"
"Set3","10-02 Day","GTC",3,"10-05 Day","0%,(Sell,0)","17%,(Wait,4)","0%,(Sell,0)"
"Set3","10-02 Day","GTC",4,"10-06 Day","0%,(Sell,0)","34%,(Sell,16)","0%,(Sell,0)"
"Set3","10-02 Day","GTC",5,"10-07 Day","0%,(Sell,0)","27%,(Sell,13)","0%,(Wait,0)"
"Set3","10-02 Day","GTC",6,"10-08 Day","0%,(Sell,0)","28%,(Wait,11)","0%,(Sell,0)"
"Set3","10-02 Day","GWEI",1,"10-03 Day","61%,(Buy,31)","32%,(Sell,15)","43%,(Wait,22)"
"Set3","10-02 Day","GWEI",2,"10-04 Day","74%,(Buy,32)","52%,(Wait,23)","41%,(Wait,18)"
"Set3","10-02 Day","GWEI",3,"10-05 Day","65%,(Sell,17)","67%,(Buy,30)","50%,(Sell,14)"
"Set3","10-02 Day","GWEI",4,"10-06 Day","70%,(Sell,14)","67%,(Sell,18)","71%,(Wait,20)"
"Set3","10-02 Day","GWEI",5,"10-07 Day","62%,(Sell,15)","73%,(Sell,19)","50%,(Sell,18)"
"Set3","10-02 Day","GWEI",6,"10-08 Day","73%,(Wait,24)","67%,(Sell,12)","46%,(Wait,18)"
"Set3","10-02 Day","HAEDAL",1,"10-02 Day","46%,(Wait,23)","46%,(Wait,24)","22%,(Sell,11)"
"Set3","10-02 Day","HAEDAL",2,"10-03 Day","30%,(Wait,9)","29%,(Wait,10)","14%,(Sell,7)"
"Set3","10-02 Day","HAEDAL",3,"10-04 Day","28%,(Wait,8)","6%,(Sell,2)","16%,(Sell,6)"
"Set3","10-02 Day","HAEDAL",4,"10-05 Day","61%,(Sell,14)","0%,(Sell,0)","56%,(Sell,5)"
"Set3","10-02 Day","HAEDAL",5,"10-06 Day","77%,(Wait,20)","55%,(Sell,11)","88%,(Sell,14)"
"Set3","10-02 Day","HAEDAL",6,"10-07 Day","56%,(Sell,10)","33%,(Sell,8)","62%,(Sell,15)"
"Set3","10-02 Day","HBAR",1,"10-03 Day","37%,(Sell,19)","45%,(Wait,19)","21%,(Sell,11)"
"Set3","10-02 Day","HBAR",2,"10-04 Day","54%,(Sell,19)","44%,(Wait,17)","16%,(Wait,5)"
"Set3","10-02 Day","HBAR",3,"10-05 Day","74%,(Wait,23)","71%,(Sell,15)","38%,(Sell,11)"
"Set3","10-02 Day","HBAR",4,"10-06 Day","74%,(Wait,23)","46%,(Sell,11)","74%,(Sell,14)"
"Set3","10-02 Day","HBAR",5,"10-07 Day","55%,(Sell,11)","56%,(Sell,14)","76%,(Sell,16)"
"Set3","10-02 Day","HBAR",6,"10-08 Day","53%,(Sell,10)","52%,(Sell,13)","78%,(Sell,14)"
"Set3","10-02 Day","HEMI",1,"10-03 Day","81%,(Buy,42)","17%,(Sell,9)","48%,(Wait,25)"
"Set3","10-02 Day","HEMI",2,"10-04 Day","80%,(Buy,37)","46%,(Sell,16)","46%,(Wait,18)"
"Set3","10-02 Day","HEMI",3,"10-05 Day","60%,(Wait,21)","37%,(Wait,13)","42%,(Wait,19)"
"Set3","10-02 Day","HEMI",4,"10-06 Day","24%,(Sell,5)","31%,(Wait,10)","57%,(Sell,17)"
"Set3","10-02 Day","HEMI",5,"10-07 Day","46%,(Sell,11)","4%,(Wait,1)","30%,(Sell,7)"
"Set3","10-02 Day","HEMI",6,"10-08 Day","58%,(Sell,19)","20%,(Sell,8)","17%,(Sell,3)"
"Set3","10-02 Day","HFT",1,"10-03 Day","49%,(Wait,23)","71%,(Buy,36)","31%,(Sell,16)"
"Set3","10-02 Day","HFT",2,"10-04 Day","62%,(Sell,18)","83%,(Wait,20)","54%,(Sell,15)"
"Set3","10-02 Day","HFT",3,"10-05 Day","39%,(Sell,12)","61%,(Sell,17)","54%,(Wait,22)"
"Set3","10-02 Day","HFT",4,"10-06 Day","39%,(Wait,16)","79%,(Sell,15)","29%,(Wait,11)"
"Set3","10-02 Day","HFT",5,"10-07 Day","28%,(Sell,12)","32%,(Sell,14)","43%,(Sell,12)"
"Set3","10-02 Day","HFT",6,"10-08 Day","11%,(Wait,3)","6%,(Sell,2)","39%,(Wait,13)"
"Set3","10-02 Day","HIVE",1,"10-02 Day","33%,(Sell,17)","55%,(Wait,28)","39%,(Sell,19)"
"Set3","10-02 Day","HIVE",2,"10-03 Day","43%,(Sell,13)","44%,(Sell,14)","52%,(Sell,14)"
"Set3","10-02 Day","HIVE",3,"10-04 Day","60%,(Sell,15)","36%,(Sell,9)","17%,(Wait,6)"
"Set3","10-02 Day","HIVE",4,"10-05 Day","50%,(Sell,9)","46%,(Sell,12)","26%,(Wait,9)"
"Set3","10-02 Day","HIVE",5,"10-06 Day","49%,(Sell,17)","46%,(Sell,13)","3%,(Wait,1)"
"Set3","10-02 Day","HIVE",6,"10-07 Day","37%,(Sell,11)","30%,(Sell,6)","0%,(Sell,0)"
"Set3","10-02 Day","HNT",1,"10-02 Day","38%,(Wait,20)","29%,(Sell,15)","44%,(Wait,23)"
"Set3","10-02 Day","HNT",2,"10-03 Day","15%,(Sell,3)","15%,(Sell,7)","38%,(Sell,18)"
"Set3","10-02 Day","HNT",3,"10-04 Day","17%,(Wait,4)","46%,(Sell,12)","8%,(Sell,3)"
"Set3","10-02 Day","HNT",4,"10-05 Day","12%,(Sell,2)","33%,(Wait,11)","28%,(Wait,11)"
"Set3","10-02 Day","HNT",5,"10-06 Day","12%,(Sell,2)","10%,(Sell,1)","26%,(Wait,9)"
"Set3","10-02 Day","HNT",6,"10-07 Day","36%,(Sell,10)","5%,(Wait,1)","26%,(Sell,6)"
"Set3","10-02 Day","HOLO",1,"10-02 Day","74%,(Buy,34)","38%,(Wait,20)","67%,(Buy,32)"
"Set3","10-02 Day","HOLO",2,"10-03 Day","86%,(Buy,37)","82%,(Buy,37)","100%,(Wait,20)"
"Set3","10-02 Day","HOLO",3,"10-04 Day","78%,(Wait,28)","100%,(Wait,28)","86%,(Buy,32)"
"Set3","10-02 Day","HOLO",4,"10-05 Day","45%,(Sell,13)","100%,(Buy,37)","83%,(Wait,25)"
"Set3","10-02 Day","HOLO",5,"10-06 Day","56%,(Wait,20)","75%,(Sell,18)","87%,(Wait,26)"
"Set3","10-02 Day","HOLO",6,"10-07 Day","46%,(Sell,12)","94%,(Sell,15)","76%,(Wait,28)"
"Set3","10-02 Day","HOME",1,"10-02 Day","25%,(Sell,13)","29%,(Sell,15)","27%,(Sell,14)"
"Set3","10-02 Day","HOME",2,"10-03 Day","57%,(Wait,28)","50%,(Sell,19)","19%,(Sell,8)"
"Set3","10-02 Day","HOME",3,"10-04 Day","35%,(Wait,14)","36%,(Wait,13)","33%,(Wait,14)"
"Set3","10-02 Day","HOME",4,"10-05 Day","23%,(Wait,8)","18%,(Sell,4)","7%,(Sell,3)"
"Set3","10-02 Day","HOME",5,"10-06 Day","17%,(Wait,4)","4%,(Wait,1)","14%,(Sell,3)"
"Set3","10-02 Day","HOME",6,"10-07 Day","19%,(Wait,6)","3%,(Sell,1)","21%,(Sell,3)"
"Set3","10-02 Day","HOOK",1,"10-02 Day","33%,(Sell,17)","50%,(Wait,25)","33%,(Sell,16)"
"Set3","10-02 Day","HOOK",2,"10-03 Day","36%,(Wait,13)","32%,(Sell,7)","27%,(Sell,13)"
"Set3","10-02 Day","HOOK",3,"10-04 Day","84%,(Wait,27)","34%,(Wait,14)","49%,(Wait,20)"
"Set3","10-02 Day","HOOK",4,"10-05 Day","54%,(Wait,21)","31%,(Sell,14)","35%,(Sell,9)"
"Set3","10-02 Day","HOOK",5,"10-06 Day","21%,(Wait,7)","37%,(Sell,11)","34%,(Wait,11)"
"Set3","10-02 Day","HOOK",6,"10-07 Day","10%,(Sell,2)","61%,(Sell,19)","46%,(Sell,12)"
"Set3","10-02 Day","HP",1,"10-03 Day","12%,(Sell,6)","10%,(Sell,5)","27%,(Sell,14)"
"Set3","10-02 Day","HP",2,"10-04 Day","9%,(Sell,4)","4%,(Sell,2)","26%,(Wait,9)"
"Set3","10-02 Day","HP",3,"10-05 Day","7%,(Wait,2)","30%,(Wait,9)","12%,(Sell,4)"
"Set3","10-02 Day","HP",4,"10-06 Day","12%,(Wait,3)","42%,(Sell,13)","5%,(Wait,1)"
"Set3","10-02 Day","HP",5,"10-07 Day","5%,(Sell,1)","66%,(Sell,19)","44%,(Sell,12)"
"Set3","10-02 Day","HP",6,"10-08 Day","4%,(Wait,1)","0%,(Wait,0)","32%,(Sell,9)"
"Set3","10-02 Day","HPP",1,"10-03 Day","27%,(Sell,14)","29%,(Sell,15)","29%,(Sell,15)"
"Set3","10-02 Day","HPP",2,"10-04 Day","40%,(Wait,17)","37%,(Wait,13)","24%,(Sell,10)"
"Set3","10-02 Day","HPP",3,"10-05 Day","43%,(Sell,13)","30%,(Wait,11)","22%,(Sell,9)"
"Set3","10-02 Day","HPP",4,"10-06 Day","24%,(Sell,4)","42%,(Sell,11)","7%,(Wait,2)"
"Set3","10-02 Day","HPP",5,"10-07 Day","0%,(Sell,0)","3%,(Wait,1)","0%,(Sell,0)"
"Set3","10-02 Day","HPP",6,"10-08 Day","14%,(Sell,2)","0%,(Sell,0)","18%,(Sell,3)"
"Set3","10-02 Day","HUMA",1,"10-02 Day","21%,(Sell,11)","21%,(Sell,11)","19%,(Sell,10)"
"Set3","10-02 Day","HUMA",2,"10-03 Day","10%,(Sell,4)","35%,(Wait,12)","2%,(Sell,1)"
"Set3","10-02 Day","HUMA",3,"10-04 Day","6%,(Sell,1)","3%,(Sell,1)","6%,(Sell,3)"
"Set3","10-02 Day","HUMA",4,"10-05 Day","3%,(Wait,1)","11%,(Sell,4)","9%,(Sell,3)"
"Set3","10-02 Day","HUMA",5,"10-06 Day","34%,(Sell,10)","26%,(Sell,5)","28%,(Sell,5)"
"Set3","10-02 Day","HUMA",6,"10-07 Day","31%,(Sell,4)","67%,(Sell,14)","86%,(Sell,12)"
"Set3","10-02 Day","HUNT",1,"10-02 Day","69%,(Buy,31)","34%,(Sell,17)","22%,(Sell,11)"
"Set3","10-02 Day","HUNT",2,"10-03 Day","36%,(Wait,12)","24%,(Wait,7)","62%,(Sell,18)"
"Set3","10-02 Day","HUNT",3,"10-04 Day","54%,(Sell,14)","26%,(Wait,7)","67%,(Wait,26)"
"Set3","10-02 Day","HUNT",4,"10-05 Day","67%,(Sell,16)","42%,(Wait,15)","41%,(Wait,17)"
"Set3","10-02 Day","HUNT",5,"10-06 Day","38%,(Wait,13)","59%,(Sell,13)","13%,(Sell,5)"
"Set3","10-02 Day","HUNT",6,"10-07 Day","60%,(Sell,15)","43%,(Sell,10)","13%,(Wait,4)"
"Set3","10-02 Day","HYPER",1,"10-02 Day","59%,(Buy,30)","50%,(Wait,26)","56%,(Wait,29)"
"Set3","10-02 Day","HYPER",2,"10-03 Day","75%,(Wait,21)","56%,(Sell,18)","57%,(Wait,20)"
"Set3","10-02 Day","HYPER",3,"10-04 Day","0%,(Sell,0)","61%,(Wait,20)","81%,(Wait,22)"
"Set3","10-02 Day","HYPER",4,"10-05 Day","15%,(Sell,3)","25%,(Sell,4)","33%,(Sell,6)"
"Set3","10-02 Day","HYPER",5,"10-06 Day","26%,(Sell,6)","50%,(Sell,8)","12%,(Sell,2)"
"Set3","10-02 Day","HYPER",6,"10-07 Day","36%,(Sell,4)","12%,(Sell,1)","43%,(Sell,3)"
"Set3","10-02 Day","ICP",1,"10-02 Day","46%,(Wait,24)","42%,(Wait,22)","48%,(Wait,25)"
"Set3","10-02 Day","ICP",2,"10-03 Day","9%,(Sell,3)","31%,(Sell,16)","41%,(Sell,13)"
"Set3","10-02 Day","ICP",3,"10-04 Day","3%,(Sell,1)","11%,(Sell,4)","18%,(Wait,6)"
"Set3","10-02 Day","ICP",4,"10-05 Day","7%,(Wait,2)","0%,(Sell,0)","7%,(Wait,2)"
"Set3","10-02 Day","ICP",5,"10-06 Day","53%,(Sell,10)","4%,(Wait,1)","45%,(Sell,9)"
"Set3","10-02 Day","ICP",6,"10-07 Day","15%,(Sell,2)","15%,(Sell,3)","67%,(Sell,4)"
"Set3","10-02 Day","ICX",1,"10-03 Day","12%,(Sell,6)","13%,(Sell,7)","16%,(Sell,8)"
"Set3","10-02 Day","ICX",2,"10-04 Day","23%,(Sell,10)","18%,(Sell,7)","32%,(Wait,10)"
"Set3","10-02 Day","ICX",3,"10-05 Day","8%,(Sell,3)","6%,(Sell,2)","26%,(Wait,10)"
"Set3","10-02 Day","ICX",4,"10-06 Day","13%,(Wait,3)","20%,(Wait,6)","27%,(Wait,8)"
"Set3","10-02 Day","ICX",5,"10-07 Day","18%,(Sell,3)","15%,(Wait,4)","20%,(Wait,6)"
"Set3","10-02 Day","ICX",6,"10-08 Day","15%,(Wait,5)","6%,(Sell,2)","26%,(Sell,6)"
"Set3","10-02 Day","ID",1,"10-02 Day","29%,(Sell,15)","46%,(Wait,24)","52%,(Wait,27)"
"Set3","10-02 Day","ID",2,"10-03 Day","7%,(Sell,3)","33%,(Wait,14)","33%,(Sell,9)"
"Set3","10-02 Day","ID",3,"10-04 Day","28%,(Sell,7)","9%,(Wait,2)","56%,(Sell,15)"
"Set3","10-02 Day","ID",4,"10-05 Day","78%,(Sell,14)","26%,(Sell,5)","70%,(Wait,21)"
"Set3","10-02 Day","ID",5,"10-06 Day","58%,(Sell,11)","12%,(Wait,3)","70%,(Wait,21)"
"Set3","10-02 Day","ID",6,"10-07 Day","92%,(Sell,11)","25%,(Sell,4)","59%,(Sell,17)"
"Set3","10-02 Day","ILV",1,"10-02 Day","29%,(Sell,15)","67%,(Buy,34)","58%,(Buy,30)"
"Set3","10-02 Day","ILV",2,"10-03 Day","26%,(Wait,8)","14%,(Sell,5)","50%,(Sell,18)"
"Set3","10-02 Day","ILV",3,"10-04 Day","22%,(Sell,9)","24%,(Wait,9)","3%,(Wait,1)"
"Set3","10-02 Day","ILV",4,"10-05 Day","6%,(Sell,2)","29%,(Sell,7)","6%,(Sell,2)"
"Set3","10-02 Day","ILV",5,"10-06 Day","15%,(Wait,4)","52%,(Sell,15)","7%,(Wait,2)"
"Set3","10-02 Day","ILV",6,"10-07 Day","44%,(Wait,17)","48%,(Sell,14)","27%,(Sell,3)"
"Set3","10-02 Day","IMX",1,"10-02 Day","15%,(Sell,8)","4%,(Sell,2)","55%,(Wait,28)"
"Set3","10-02 Day","IMX",2,"10-03 Day","8%,(Sell,4)","39%,(Wait,15)","76%,(Wait,25)"
"Set3","10-02 Day","IMX",3,"10-04 Day","28%,(Wait,10)","43%,(Sell,6)","65%,(Sell,17)"
"Set3","10-02 Day","IMX",4,"10-05 Day","38%,(Sell,8)","44%,(Sell,7)","38%,(Sell,6)"
"Set3","10-02 Day","IMX",5,"10-06 Day","25%,(Sell,1)","23%,(Sell,3)","31%,(Wait,10)"
"Set3","10-02 Day","IMX",6,"10-07 Day","83%,(Sell,10)","80%,(Wait,24)","17%,(Wait,5)"
"Set3","10-02 Day","IN",1,"10-02 Day","62%,(Buy,32)","66%,(Wait,23)","27%,(Sell,14)"
"Set3","10-02 Day","IN",2,"10-03 Day","32%,(Wait,12)","45%,(Wait,19)","22%,(Wait,7)"
"Set3","10-02 Day","IN",3,"10-04 Day","0%,(Wait,0)","34%,(Wait,11)","52%,(Sell,12)"
"Set3","10-02 Day","IN",4,"10-05 Day","0%,(Sell,0)","7%,(Wait,2)","12%,(Sell,2)"
"Set3","10-02 Day","IN",5,"10-06 Day","9%,(Wait,2)","63%,(Sell,19)","10%,(Sell,2)"
"Set3","10-02 Day","IN",6,"10-07 Day","0%,(Sell,0)","38%,(Wait,15)","6%,(Sell,1)"
"Set3","10-02 Day","INIT",1,"10-02 Day","47%,(Wait,24)","24%,(Sell,10)","44%,(Wait,19)"
"Set3","10-02 Day","INIT",2,"10-03 Day","13%,(Sell,5)","18%,(Sell,7)","15%,(Wait,5)"
"Set3","10-02 Day","INIT",3,"10-04 Day","8%,(Wait,2)","10%,(Sell,4)","9%,(Sell,3)"
"Set3","10-02 Day","INIT",4,"10-05 Day","12%,(Wait,3)","17%,(Wait,5)","3%,(Sell,1)"
"Set3","10-02 Day","INIT",5,"10-06 Day","0%,(Wait,0)","19%,(Wait,5)","6%,(Sell,2)"
"Set3","10-02 Day","INIT",6,"10-07 Day","4%,(Wait,1)","4%,(Wait,1)","2%,(Sell,1)"
"Set3","10-02 Day","INJ",1,"10-02 Day","75%,(Buy,39)","56%,(Wait,29)","29%,(Sell,15)"
"Set3","10-02 Day","INJ",2,"10-03 Day","70%,(Buy,31)","38%,(Wait,14)","60%,(Wait,28)"
"Set3","10-02 Day","INJ",3,"10-04 Day","38%,(Wait,16)","35%,(Wait,11)","24%,(Wait,9)"
"Set3","10-02 Day","INJ",4,"10-05 Day","54%,(Wait,21)","32%,(Wait,10)","24%,(Sell,5)"
"Set3","10-02 Day","INJ",5,"10-06 Day","28%,(Sell,7)","16%,(Wait,5)","32%,(Sell,8)"
"Set3","10-02 Day","INJ",6,"10-07 Day","52%,(Sell,17)","35%,(Wait,12)","26%,(Sell,5)"
"Set3","10-02 Day","IO",1,"10-02 Day","20%,(Sell,10)","29%,(Sell,15)","31%,(Sell,16)"
"Set3","10-02 Day","IO",2,"10-03 Day","12%,(Sell,4)","15%,(Wait,5)","24%,(Wait,9)"
"Set3","10-02 Day","IO",3,"10-04 Day","26%,(Wait,10)","18%,(Wait,5)","15%,(Sell,6)"
"Set3","10-02 Day","IO",4,"10-05 Day","13%,(Sell,5)","3%,(Sell,1)","15%,(Wait,5)"
"Set3","10-02 Day","IO",5,"10-06 Day","26%,(Sell,6)","18%,(Sell,7)","26%,(Sell,6)"
"Set3","10-02 Day","IO",6,"10-07 Day","50%,(Sell,11)","32%,(Wait,12)","70%,(Sell,7)"
"Set3","10-02 Day","IOST",1,"10-02 Day","69%,(Buy,36)","33%,(Sell,17)","60%,(Buy,31)"
"Set3","10-02 Day","IOST",2,"10-03 Day","88%,(Buy,35)","27%,(Sell,11)","62%,(Wait,25)"
"Set3","10-02 Day","IOST",3,"10-04 Day","90%,(Sell,19)","34%,(Wait,12)","42%,(Wait,15)"
"Set3","10-02 Day","IOST",4,"10-05 Day","64%,(Wait,23)","65%,(Sell,11)","66%,(Wait,23)"
"Set3","10-02 Day","IOST",5,"10-06 Day","65%,(Wait,20)","40%,(Sell,6)","65%,(Wait,24)"
"Set3","10-02 Day","IOST",6,"10-07 Day","67%,(Sell,8)","70%,(Sell,16)","62%,(Wait,20)"
"Set3","10-02 Day","IOTA",1,"10-02 Day","25%,(Sell,13)","48%,(Wait,25)","22%,(Sell,11)"
"Set3","10-02 Day","IOTA",2,"10-03 Day","13%,(Sell,6)","43%,(Wait,18)","8%,(Sell,3)"
"Set3","10-02 Day","IOTA",3,"10-04 Day","3%,(Wait,1)","12%,(Sell,5)","3%,(Wait,1)"
"Set3","10-02 Day","IOTA",4,"10-05 Day","42%,(Sell,13)","0%,(Sell,0)","40%,(Sell,10)"
"Set3","10-02 Day","IOTA",5,"10-06 Day","38%,(Sell,9)","0%,(Wait,0)","27%,(Sell,3)"
"Set3","10-02 Day","IOTA",6,"10-07 Day","54%,(Sell,7)","0%,(Wait,0)","67%,(Sell,4)"
"Set3","10-02 Day","IOTX",1,"10-02 Day","27%,(Sell,14)","41%,(Wait,21)","40%,(Wait,21)"
"Set3","10-02 Day","IOTX",2,"10-03 Day","41%,(Wait,19)","24%,(Sell,10)","20%,(Sell,8)"
"Set3","10-02 Day","IOTX",3,"10-04 Day","58%,(Sell,19)","62%,(Sell,10)","21%,(Wait,6)"
"Set3","10-02 Day","IOTX",4,"10-05 Day","44%,(Wait,18)","36%,(Sell,8)","9%,(Wait,3)"
"Set3","10-02 Day","IOTX",5,"10-06 Day","50%,(Sell,16)","45%,(Sell,10)","21%,(Wait,6)"
"Set3","10-02 Day","IOTX",6,"10-07 Day","60%,(Sell,15)","62%,(Sell,13)","15%,(Wait,4)"
"Set3","10-02 Day","IQ",1,"10-02 Day","62%,(Buy,32)","44%,(Wait,23)","44%,(Wait,23)"
"Set3","10-02 Day","IQ",2,"10-03 Day","33%,(Sell,6)","53%,(Sell,19)","81%,(Wait,29)"
"Set3","10-02 Day","IQ",3,"10-04 Day","10%,(Sell,2)","59%,(Sell,19)","73%,(Sell,16)"
"Set3","10-02 Day","IQ",4,"10-05 Day","3%,(Wait,1)","48%,(Sell,12)","9%,(Wait,3)"
"Set3","10-02 Day","IQ",5,"10-06 Day","17%,(Wait,4)","30%,(Sell,3)","5%,(Sell,2)"
"Set3","10-02 Day","IQ",6,"10-07 Day","30%,(Sell,6)","33%,(Wait,10)","11%,(Sell,2)"
"Set3","10-02 Day","IRYS",1,"10-02 Day","69%,(Buy,36)","19%,(Sell,10)","58%,(Buy,30)"
"Set3","10-02 Day","IRYS",2,"10-03 Day","31%,(Wait,10)","23%,(Wait,7)","51%,(Sell,18)"
"Set3","10-02 Day","IRYS",3,"10-04 Day","39%,(Sell,12)","69%,(Wait,22)","41%,(Sell,7)"
"Set3","10-02 Day","IRYS",4,"10-05 Day","41%,(Sell,9)","33%,(Sell,4)","100%,(Sell,9)"
"Set3","10-02 Day","IRYS",5,"10-06 Day","68%,(Sell,15)","75%,(Sell,9)","84%,(Sell,16)"
"Set3","10-02 Day","IRYS",6,"10-07 Day","90%,(Wait,26)","82%,(Wait,27)","89%,(Sell,16)"
"Set3","10-02 Day","JOE",1,"10-02 Day","63%,(Buy,32)","36%,(Sell,18)","60%,(Buy,31)"
"Set3","10-02 Day","JOE",2,"10-03 Day","50%,(Sell,14)","22%,(Wait,8)","56%,(Sell,19)"
"Set3","10-02 Day","JOE",3,"10-04 Day","20%,(Sell,8)","17%,(Wait,5)","68%,(Wait,21)"
"Set3","10-02 Day","JOE",4,"10-05 Day","6%,(Sell,2)","11%,(Sell,4)","46%,(Wait,19)"
"Set3","10-02 Day","JOE",5,"10-06 Day","21%,(Wait,6)","21%,(Sell,8)","4%,(Wait,1)"
"Set3","10-02 Day","JOE",6,"10-07 Day","19%,(Sell,4)","17%,(Wait,4)","7%,(Wait,2)"
"Set3","10-02 Day","JST",1,"10-02 Day","35%,(Sell,18)","18%,(Sell,9)","27%,(Sell,14)"
"Set3","10-02 Day","JST",2,"10-03 Day","9%,(Sell,3)","10%,(Sell,4)","15%,(Sell,7)"
"Set3","10-02 Day","JST",3,"10-04 Day","5%,(Wait,1)","7%,(Wait,2)","0%,(Wait,0)"
"Set3","10-02 Day","JST",4,"10-05 Day","0%,(Sell,0)","0%,(Sell,0)","7%,(Sell,1)"
"Set3","10-02 Day","JST",5,"10-06 Day","0%,(Sell,0)","20%,(Sell,4)","22%,(Wait,6)"
"Set3","10-02 Day","JST",6,"10-07 Day","71%,(Sell,12)","43%,(Sell,10)","25%,(Sell,4)"
"Set3","10-02 Day","JTO",1,"10-03 Day","65%,(Buy,34)","54%,(Wait,28)","46%,(Wait,24)"
"Set3","10-02 Day","JTO",2,"10-04 Day","51%,(Wait,23)","14%,(Sell,5)","29%,(Sell,13)"
"Set3","10-02 Day","JTO",3,"10-05 Day","8%,(Sell,3)","18%,(Sell,8)","10%,(Sell,5)"
"Set3","10-02 Day","JTO",4,"10-06 Day","17%,(Sell,7)","6%,(Sell,2)","11%,(Sell,4)"
"Set3","10-02 Day","JTO",5,"10-07 Day","33%,(Wait,14)","24%,(Sell,10)","23%,(Wait,7)"
"Set3","10-02 Day","JTO",6,"10-08 Day","43%,(Sell,10)","29%,(Wait,10)","10%,(Wait,3)"
"Set3","10-02 Day","JUP",1,"10-03 Day","40%,(Wait,21)","26%,(Sell,13)","38%,(Wait,20)"
"Set3","10-02 Day","JUP",2,"10-04 Day","23%,(Wait,8)","20%,(Sell,9)","33%,(Sell,15)"
"Set3","10-02 Day","JUP",3,"10-05 Day","37%,(Wait,14)","15%,(Wait,5)","24%,(Sell,12)"
"Set3","10-02 Day","JUP",4,"10-06 Day","32%,(Wait,12)","14%,(Sell,3)","9%,(Wait,3)"
"Set3","10-02 Day","JUP",5,"10-07 Day","30%,(Wait,10)","33%,(Sell,7)","30%,(Wait,10)"
"Set3","10-02 Day","JUP",6,"10-08 Day","41%,(Sell,12)","46%,(Sell,12)","52%,(Sell,17)"
"Set3","10-02 Day","KAIA",1,"10-03 Day","15%,(Sell,8)","12%,(Sell,6)","35%,(Sell,18)"
"Set3","10-02 Day","KAIA",2,"10-04 Day","7%,(Wait,2)","8%,(Sell,4)","28%,(Sell,13)"
"Set3","10-02 Day","KAIA",3,"10-05 Day","4%,(Wait,1)","10%,(Wait,3)","21%,(Sell,9)"
"Set3","10-02 Day","KAIA",4,"10-06 Day","32%,(Wait,12)","14%,(Sell,5)","16%,(Wait,5)"
"Set3","10-02 Day","KAIA",5,"10-07 Day","7%,(Wait,2)","8%,(Wait,2)","21%,(Sell,5)"
"Set3","10-02 Day","KAIA",6,"10-08 Day","6%,(Sell,1)","8%,(Wait,2)","16%,(Sell,3)"
"Set3","10-02 Day","KAITO",1,"10-02 Day","56%,(Wait,29)","29%,(Sell,15)","29%,(Sell,15)"
"Set3","10-02 Day","KAITO",2,"10-03 Day","50%,(Sell,13)","39%,(Wait,15)","51%,(Wait,20)"
"Set3","10-02 Day","KAITO",3,"10-04 Day","53%,(Sell,10)","16%,(Wait,4)","74%,(Sell,17)"
"Set3","10-02 Day","KAITO",4,"10-05 Day","36%,(Sell,9)","40%,(Sell,4)","29%,(Sell,4)"
"Set3","10-02 Day","KAITO",5,"10-06 Day","24%,(Wait,8)","29%,(Sell,4)","14%,(Sell,3)"
"Set3","10-02 Day","KAITO",6,"10-07 Day","37%,(Sell,7)","44%,(Sell,8)","60%,(Sell,12)"
"Set3","10-02 Day","KAT",1,"10-03 Day","13%,(Sell,7)","27%,(Sell,14)","15%,(Sell,8)"
"Set3","10-02 Day","KAT",2,"10-04 Day","18%,(Sell,8)","23%,(Sell,9)","10%,(Sell,4)"
"Set3","10-02 Day","KAT",3,"10-05 Day","26%,(Wait,10)","40%,(Wait,14)","6%,(Sell,2)"
"Set3","10-02 Day","KAT",4,"10-06 Day","19%,(Wait,6)","41%,(Wait,14)","10%,(Sell,2)"
"Set3","10-02 Day","KAT",5,"10-07 Day","35%,(Sell,8)","40%,(Sell,8)","10%,(Sell,2)"
"Set3","10-02 Day","KAT",6,"10-08 Day","26%,(Sell,5)","50%,(Sell,3)","14%,(Sell,3)"
"Set3","10-02 Day","KAVA",1,"10-02 Day","44%,(Wait,23)","62%,(Buy,32)","76%,(Buy,39)"
"Set3","10-02 Day","KAVA",2,"10-03 Day","33%,(Sell,9)","50%,(Sell,15)","65%,(Wait,26)"
"Set3","10-02 Day","KAVA",3,"10-04 Day","29%,(Sell,6)","54%,(Sell,13)","33%,(Sell,9)"
"Set3","10-02 Day","KAVA",4,"10-05 Day","36%,(Wait,12)","79%,(Wait,27)","31%,(Wait,11)"
"Set3","10-02 Day","KAVA",5,"10-06 Day","32%,(Sell,6)","57%,(Sell,17)","44%,(Sell,11)"
"Set3","10-02 Day","KAVA",6,"10-07 Day","55%,(Sell,12)","75%,(Sell,9)","17%,(Wait,4)"
"Set3","10-02 Day","KERNEL",1,"10-03 Day","77%,(Buy,40)","66%,(Buy,33)","38%,(Sell,18)"
"Set3","10-02 Day","KERNEL",2,"10-04 Day","79%,(Sell,19)","55%,(Sell,16)","90%,(Sell,18)"
"Set3","10-02 Day","KERNEL",3,"10-05 Day","52%,(Sell,12)","34%,(Sell,10)","77%,(Sell,17)"
"Set3","10-02 Day","KERNEL",4,"10-06 Day","52%,(Sell,14)","64%,(Sell,14)","41%,(Sell,9)"
"Set3","10-02 Day","KERNEL",5,"10-07 Day","42%,(Sell,10)","56%,(Sell,9)","36%,(Sell,8)"
"Set3","10-02 Day","KERNEL",6,"10-08 Day","49%,(Sell,17)","7%,(Sell,1)","44%,(Sell,7)"
"Set3","10-02 Day","KITE",1,"10-03 Day","18%,(Sell,7)","51%,(Wait,26)","46%,(Wait,24)"
"Set3","10-02 Day","KITE",2,"10-04 Day","2%,(Sell,1)","23%,(Sell,5)","27%,(Sell,13)"
"Set3","10-02 Day","KITE",3,"10-05 Day","4%,(Sell,2)","19%,(Wait,6)","27%,(Wait,10)"
"Set3","10-02 Day","KITE",4,"10-06 Day","5%,(Sell,2)","34%,(Wait,13)","46%,(Sell,6)"
"Set3","10-02 Day","KITE",5,"10-07 Day","6%,(Wait,2)","66%,(Wait,25)","50%,(Sell,9)"
"Set3","10-02 Day","KITE",6,"10-08 Day","28%,(Sell,7)","64%,(Wait,25)","77%,(Sell,10)"
"Set3","10-02 Day","KMNO",1,"10-03 Day","47%,(Wait,24)","21%,(Sell,11)","46%,(Wait,24)"
"Set3","10-02 Day","KMNO",2,"10-04 Day","36%,(Sell,10)","44%,(Sell,12)","21%,(Sell,9)"
"Set3","10-02 Day","KMNO",3,"10-05 Day","40%,(Sell,8)","39%,(Sell,9)","3%,(Sell,1)"
"Set3","10-02 Day","KMNO",4,"10-06 Day","24%,(Sell,5)","53%,(Sell,8)","0%,(Sell,0)"
"Set3","10-02 Day","KMNO",5,"10-07 Day","45%,(Sell,10)","38%,(Sell,5)","0%,(Wait,0)"
"Set3","10-02 Day","KMNO",6,"10-08 Day","45%,(Sell,9)","55%,(Sell,11)","0%,(Sell,0)"
"Set3","10-02 Day","KNC",1,"10-02 Day","54%,(Wait,28)","59%,(Buy,30)","69%,(Buy,36)"
"Set3","10-02 Day","KNC",2,"10-03 Day","50%,(Wait,21)","70%,(Buy,32)","47%,(Wait,18)"
"Set3","10-02 Day","KNC",3,"10-04 Day","75%,(Wait,24)","97%,(Buy,36)","52%,(Sell,16)"
"Set3","10-02 Day","KNC",4,"10-05 Day","50%,(Sell,14)","92%,(Buy,33)","44%,(Sell,15)"
"Set3","10-02 Day","KNC",5,"10-06 Day","52%,(Sell,14)","88%,(Wait,22)","41%,(Sell,11)"
"Set3","10-02 Day","KNC",6,"10-07 Day","54%,(Sell,15)","91%,(Buy,32)","67%,(Sell,16)"
"Set3","10-02 Day","KSM",1,"10-02 Day","37%,(Sell,19)","33%,(Sell,17)","50%,(Wait,25)"
"Set3","10-02 Day","KSM",2,"10-03 Day","20%,(Sell,8)","28%,(Sell,12)","15%,(Wait,5)"
"Set3","10-02 Day","KSM",3,"10-04 Day","5%,(Sell,2)","28%,(Wait,9)","15%,(Sell,6)"
"Set3","10-02 Day","KSM",4,"10-05 Day","10%,(Sell,4)","0%,(Wait,0)","10%,(Wait,3)"
"Set3","10-02 Day","KSM",5,"10-06 Day","13%,(Wait,4)","4%,(Wait,1)","17%,(Wait,4)"
"Set3","10-02 Day","KSM",6,"10-07 Day","16%,(Sell,3)","29%,(Wait,9)","37%,(Sell,10)"
"Set3","10-02 Day","LA",1,"10-02 Day","40%,(Wait,21)","33%,(Sell,16)","56%,(Wait,28)"
"Set3","10-02 Day","LA",2,"10-03 Day","63%,(Wait,26)","54%,(Wait,21)","29%,(Wait,8)"
"Set3","10-02 Day","LA",3,"10-04 Day","38%,(Sell,9)","70%,(Sell,16)","38%,(Sell,10)"
"Set3","10-02 Day","LA",4,"10-05 Day","78%,(Wait,21)","75%,(Sell,12)","15%,(Wait,4)"
"Set3","10-02 Day","LA",5,"10-06 Day","76%,(Sell,16)","43%,(Sell,6)","25%,(Wait,7)"
"Set3","10-02 Day","LA",6,"10-07 Day","68%,(Sell,17)","54%,(Sell,14)","38%,(Sell,9)"
"Set3","10-02 Day","LAYER",1,"10-02 Day","38%,(Wait,20)","67%,(Buy,35)","55%,(Wait,24)"
"Set3","10-02 Day","LAYER",2,"10-03 Day","65%,(Wait,26)","50%,(Wait,23)","64%,(Wait,28)"
"Set3","10-02 Day","LAYER",3,"10-04 Day","51%,(Wait,20)","39%,(Wait,13)","59%,(Wait,22)"
"Set3","10-02 Day","LAYER",4,"10-05 Day","38%,(Wait,14)","14%,(Sell,6)","35%,(Wait,13)"
"Set3","10-02 Day","LAYER",5,"10-06 Day","33%,(Wait,14)","11%,(Sell,4)","29%,(Wait,12)"
"Set3","10-02 Day","LAYER",6,"10-07 Day","51%,(Sell,19)","23%,(Sell,10)","29%,(Sell,12)"
"Set3","10-02 Day","LDO",1,"10-02 Day","37%,(Sell,19)","65%,(Buy,34)","38%,(Wait,20)"
"Set3","10-02 Day","LDO",2,"10-03 Day","14%,(Sell,5)","33%,(Sell,15)","31%,(Wait,13)"
"Set3","10-02 Day","LDO",3,"10-04 Day","27%,(Wait,9)","23%,(Wait,7)","24%,(Sell,10)"
"Set3","10-02 Day","LDO",4,"10-05 Day","12%,(Wait,3)","30%,(Sell,7)","19%,(Wait,5)"
"Set3","10-02 Day","LDO",5,"10-06 Day","13%,(Wait,4)","23%,(Wait,7)","30%,(Wait,11)"
"Set3","10-02 Day","LDO",6,"10-07 Day","10%,(Wait,3)","24%,(Sell,10)","36%,(Wait,16)"
"Set3","10-02 Day","LINEA",1,"10-02 Day","58%,(Buy,30)","48%,(Wait,25)","33%,(Sell,17)"
"Set3","10-02 Day","LINEA",2,"10-03 Day","64%,(Sell,18)","71%,(Wait,27)","45%,(Wait,18)"
"Set3","10-02 Day","LINEA",3,"10-04 Day","48%,(Sell,14)","14%,(Sell,3)","48%,(Sell,13)"
"Set3","10-02 Day","LINEA",4,"10-05 Day","29%,(Wait,8)","9%,(Wait,2)","47%,(Sell,14)"
"Set3","10-02 Day","LINEA",5,"10-06 Day","50%,(Sell,9)","20%,(Wait,6)","22%,(Sell,4)"
"Set3","10-02 Day","LINEA",6,"10-07 Day","64%,(Sell,9)","38%,(Sell,5)","39%,(Sell,7)"
"Set3","10-02 Day","LINK",1,"10-03 Day","10%,(Sell,5)","37%,(Sell,19)","56%,(Wait,28)"
"Set3","10-02 Day","LINK",2,"10-04 Day","13%,(Wait,4)","12%,(Wait,4)","28%,(Sell,13)"
"Set3","10-02 Day","LINK",3,"10-05 Day","45%,(Sell,14)","55%,(Wait,23)","8%,(Wait,2)"
"Set3","10-02 Day","LINK",4,"10-06 Day","24%,(Sell,4)","77%,(Wait,23)","16%,(Wait,4)"
"Set3","10-02 Day","LINK",5,"10-07 Day","5%,(Wait,1)","32%,(Sell,6)","18%,(Sell,3)"
"Set3","10-02 Day","LINK",6,"10-08 Day","59%,(Sell,10)","43%,(Wait,15)","0%,(Wait,0)"
"Set3","10-02 Day","LISTA",1,"10-02 Day","31%,(Sell,16)","40%,(Wait,21)","37%,(Sell,19)"
"Set3","10-02 Day","LISTA",2,"10-03 Day","52%,(Sell,17)","22%,(Wait,8)","42%,(Wait,16)"
"Set3","10-02 Day","LISTA",3,"10-04 Day","35%,(Sell,7)","21%,(Wait,7)","26%,(Wait,8)"
"Set3","10-02 Day","LISTA",4,"10-05 Day","16%,(Sell,3)","29%,(Wait,8)","13%,(Wait,3)"
"Set3","10-02 Day","LISTA",5,"10-06 Day","37%,(Sell,7)","48%,(Sell,15)","19%,(Sell,3)"
"Set3","10-02 Day","LISTA",6,"10-07 Day","45%,(Sell,9)","52%,(Sell,15)","18%,(Sell,3)"
"Set3","10-02 Day","LIT",1,"10-03 Day","62%,(Buy,32)","58%,(Buy,30)","40%,(Wait,21)"
"Set3","10-02 Day","LIT",2,"10-04 Day","63%,(Buy,31)","50%,(Wait,20)","85%,(Buy,34)"
"Set3","10-02 Day","LIT",3,"10-05 Day","53%,(Sell,19)","59%,(Wait,20)","82%,(Wait,28)"
"Set3","10-02 Day","LIT",4,"10-06 Day","39%,(Sell,12)","38%,(Wait,12)","69%,(Wait,22)"
"Set3","10-02 Day","LIT",5,"10-07 Day","52%,(Sell,13)","42%,(Sell,10)","59%,(Sell,13)"
"Set3","10-02 Day","LIT",6,"10-08 Day","96%,(Wait,22)","88%,(Sell,14)","57%,(Sell,12)"
"Set3","10-02 Day","LM",1,"10-03 Day","40%,(Wait,21)","27%,(Sell,14)","44%,(Wait,23)"
"Set3","10-02 Day","LM",2,"10-04 Day","25%,(Sell,11)","49%,(Wait,19)","6%,(Sell,2)"
"Set3","10-02 Day","LM",3,"10-05 Day","7%,(Sell,3)","15%,(Sell,2)","0%,(Sell,0)"
"Set3","10-02 Day","LM",4,"10-06 Day","27%,(Sell,12)","18%,(Wait,5)","0%,(Sell,0)"
"Set3","10-02 Day","LM",5,"10-07 Day","20%,(Wait,5)","30%,(Sell,14)","11%,(Wait,3)"
"Set3","10-02 Day","LM",6,"10-08 Day","12%,(Sell,2)","24%,(Sell,6)","18%,(Sell,3)"
"Set3","10-02 Day","LPT",1,"10-02 Day","56%,(Wait,29)","44%,(Wait,23)","40%,(Wait,21)"
"Set3","10-02 Day","LPT",2,"10-03 Day","64%,(Wait,23)","41%,(Sell,9)","21%,(Sell,8)"
"Set3","10-02 Day","LPT",3,"10-04 Day","38%,(Wait,13)","45%,(Sell,13)","35%,(Wait,13)"
"Set3","10-02 Day","LPT",4,"10-05 Day","53%,(Sell,18)","52%,(Sell,17)","24%,(Sell,11)"
"Set3","10-02 Day","LPT",5,"10-06 Day","31%,(Wait,11)","31%,(Wait,9)","16%,(Sell,6)"
"Set3","10-02 Day","LPT",6,"10-07 Day","22%,(Wait,8)","10%,(Wait,3)","12%,(Sell,5)"
"Set3","10-02 Day","LSK",1,"10-03 Day","73%,(Buy,38)","60%,(Buy,31)","78%,(Buy,40)"
"Set3","10-02 Day","LSK",2,"10-04 Day","59%,(Wait,23)","34%,(Wait,11)","67%,(Buy,30)"
"Set3","10-02 Day","LSK",3,"10-05 Day","62%,(Sell,13)","35%,(Sell,8)","59%,(Wait,20)"
"Set3","10-02 Day","LSK",4,"10-06 Day","67%,(Sell,14)","52%,(Sell,11)","47%,(Sell,7)"
"Set3","10-02 Day","LSK",5,"10-07 Day","64%,(Sell,14)","18%,(Sell,2)","80%,(Sell,12)"
"Set3","10-02 Day","LSK",6,"10-08 Day","59%,(Sell,10)","5%,(Wait,1)","74%,(Wait,20)"
"Set3","10-02 Day","LWP",1,"10-03 Day","33%,(Sell,17)","65%,(Buy,34)","58%,(Buy,30)"
"Set3","10-02 Day","LWP",2,"10-04 Day","45%,(Sell,9)","40%,(Wait,18)","55%,(Wait,22)"
"Set3","10-02 Day","LWP",3,"10-05 Day","26%,(Wait,7)","43%,(Sell,13)","47%,(Sell,14)"
"Set3","10-02 Day","LWP",4,"10-06 Day","29%,(Wait,8)","16%,(Wait,5)","42%,(Sell,10)"
"Set3","10-02 Day","LWP",5,"10-07 Day","34%,(Sell,10)","15%,(Wait,4)","29%,(Wait,12)"
"Set3","10-02 Day","LWP",6,"10-08 Day","53%,(Sell,16)","38%,(Sell,11)","29%,(Wait,8)"
"Set3","10-02 Day","MAGIC",1,"10-02 Day","32%,(Sell,16)","58%,(Buy,30)","48%,(Wait,25)"
"Set3","10-02 Day","MAGIC",2,"10-03 Day","32%,(Wait,10)","46%,(Sell,16)","45%,(Wait,19)"
"Set3","10-02 Day","MAGIC",3,"10-04 Day","56%,(Sell,10)","19%,(Sell,7)","31%,(Wait,11)"
"Set3","10-02 Day","MAGIC",4,"10-05 Day","50%,(Sell,8)","17%,(Sell,4)","18%,(Sell,7)"
"Set3","10-02 Day","MAGIC",5,"10-06 Day","29%,(Sell,6)","35%,(Sell,8)","26%,(Sell,12)"
"Set3","10-02 Day","MAGIC",6,"10-07 Day","32%,(Sell,7)","17%,(Sell,4)","34%,(Wait,12)"
"Set3","10-02 Day","MANA",1,"10-02 Day","10%,(Sell,5)","15%,(Sell,8)","17%,(Sell,8)"
"Set3","10-02 Day","MANA",2,"10-03 Day","17%,(Sell,7)","18%,(Sell,8)","18%,(Sell,8)"
"Set3","10-02 Day","MANA",3,"10-04 Day","15%,(Wait,4)","44%,(Sell,14)","17%,(Wait,6)"
"Set3","10-02 Day","MANA",4,"10-05 Day","39%,(Sell,9)","40%,(Sell,8)","21%,(Wait,6)"
"Set3","10-02 Day","MANA",5,"10-06 Day","57%,(Sell,16)","22%,(Wait,6)","0%,(Sell,0)"
"Set3","10-02 Day","MANA",6,"10-07 Day","42%,(Sell,13)","26%,(Sell,5)","0%,(Sell,0)"
"Set3","10-02 Day","MANTA",1,"10-02 Day","51%,(Wait,26)","33%,(Sell,17)","48%,(Wait,25)"
"Set3","10-02 Day","MANTA",2,"10-03 Day","53%,(Sell,19)","33%,(Sell,15)","55%,(Sell,16)"
"Set3","10-02 Day","MANTA",3,"10-04 Day","6%,(Sell,1)","37%,(Sell,11)","73%,(Wait,24)"
"Set3","10-02 Day","MANTA",4,"10-05 Day","12%,(Sell,2)","24%,(Sell,5)","12%,(Wait,3)"
"Set3","10-02 Day","MANTA",5,"10-06 Day","12%,(Wait,3)","25%,(Sell,4)","3%,(Sell,1)"
"Set3","10-02 Day","MANTA",6,"10-07 Day","41%,(Wait,14)","37%,(Sell,7)","0%,(Sell,0)"
"Set3","10-02 Day","MANTRA",1,"10-03 Day","35%,(Sell,18)","4%,(Sell,2)","23%,(Sell,12)"
"Set3","10-02 Day","MANTRA",2,"10-04 Day","2%,(Sell,1)","2%,(Sell,1)","5%,(Sell,2)"
"Set3","10-02 Day","MANTRA",3,"10-05 Day","0%,(Sell,0)","8%,(Sell,4)","2%,(Sell,1)"
"Set3","10-02 Day","MANTRA",4,"10-06 Day","0%,(Wait,0)","12%,(Sell,5)","3%,(Sell,1)"
"Set3","10-02 Day","MANTRA",5,"10-07 Day","0%,(Sell,0)","35%,(Sell,8)","0%,(Sell,0)"
"Set3","10-02 Day","MANTRA",6,"10-08 Day","0%,(Wait,0)","5%,(Sell,1)","0%,(Wait,0)"
"Set3","10-02 Day","MAPO",1,"10-02 Day","52%,(Wait,27)","50%,(Wait,26)","52%,(Wait,27)"
"Set3","10-02 Day","MAPO",2,"10-03 Day","47%,(Sell,16)","60%,(Wait,21)","23%,(Wait,8)"
"Set3","10-02 Day","MAPO",3,"10-04 Day","14%,(Sell,3)","46%,(Sell,16)","55%,(Sell,16)"
"Set3","10-02 Day","MAPO",4,"10-05 Day","48%,(Sell,15)","22%,(Sell,5)","81%,(Wait,22)"
"Set3","10-02 Day","MAPO",5,"10-06 Day","59%,(Sell,13)","11%,(Sell,2)","78%,(Sell,18)"
"Set3","10-02 Day","MAPO",6,"10-07 Day","27%,(Sell,6)","11%,(Wait,3)","53%,(Sell,8)"
"Set3","10-02 Day","MASK",1,"10-02 Day","63%,(Buy,33)","58%,(Wait,23)","67%,(Buy,35)"
"Set3","10-02 Day","MASK",2,"10-03 Day","70%,(Wait,26)","62%,(Wait,26)","88%,(Wait,28)"
"Set3","10-02 Day","MASK",3,"10-04 Day","77%,(Buy,30)","72%,(Buy,33)","73%,(Wait,22)"
"Set3","10-02 Day","MASK",4,"10-05 Day","72%,(Buy,31)","70%,(Sell,16)","52%,(Sell,17)"
"Set3","10-02 Day","MASK",5,"10-06 Day","47%,(Sell,14)","46%,(Sell,13)","41%,(Wait,14)"
"Set3","10-02 Day","MASK",6,"10-07 Day","33%,(Sell,6)","29%,(Sell,12)","44%,(Sell,14)"
"Set3","10-02 Day","MAV",1,"10-02 Day","33%,(Sell,17)","63%,(Buy,33)","38%,(Wait,20)"
"Set3","10-02 Day","MAV",2,"10-03 Day","42%,(Wait,19)","61%,(Wait,27)","64%,(Wait,27)"
"Set3","10-02 Day","MAV",3,"10-04 Day","30%,(Wait,9)","43%,(Wait,19)","59%,(Wait,24)"
"Set3","10-02 Day","MAV",4,"10-05 Day","76%,(Wait,22)","63%,(Wait,22)","51%,(Sell,18)"
"Set3","10-02 Day","MAV",5,"10-06 Day","86%,(Wait,24)","83%,(Wait,29)","29%,(Sell,6)"
"Set3","10-02 Day","MAV",6,"10-07 Day","92%,(Wait,22)","78%,(Wait,25)","20%,(Sell,3)"
"Set3","10-02 Day","MAY",1,"10-03 Day","56%,(Wait,29)","35%,(Sell,18)","33%,(Sell,17)"
"Set3","10-02 Day","MAY",2,"10-04 Day","54%,(Wait,25)","45%,(Wait,19)","28%,(Wait,8)"
"Set3","10-02 Day","MAY",3,"10-05 Day","59%,(Wait,20)","64%,(Wait,23)","46%,(Sell,13)"
"Set3","10-02 Day","MAY",4,"10-06 Day","23%,(Sell,3)","30%,(Sell,8)","60%,(Sell,12)"
"Set3","10-02 Day","MAY",5,"10-07 Day","30%,(Sell,7)","23%,(Wait,6)","29%,(Sell,4)"
"Set3","10-02 Day","MAY",6,"10-08 Day","18%,(Sell,4)","11%,(Sell,2)","28%,(Sell,5)"
"Set3","10-02 Day","MBL",1,"10-03 Day","58%,(Buy,30)","35%,(Sell,18)","65%,(Buy,30)"
"Set3","10-02 Day","MBL",2,"10-04 Day","45%,(Wait,21)","32%,(Wait,13)","53%,(Sell,17)"
"Set3","10-02 Day","MBL",3,"10-05 Day","34%,(Wait,13)","48%,(Sell,15)","21%,(Wait,7)"
"Set3","10-02 Day","MBL",4,"10-06 Day","35%,(Wait,13)","73%,(Sell,16)","16%,(Wait,5)"
"Set3","10-02 Day","MBL",5,"10-07 Day","50%,(Sell,15)","78%,(Wait,25)","27%,(Wait,8)"
"Set3","10-02 Day","MBL",6,"10-08 Day","32%,(Sell,7)","75%,(Sell,12)","33%,(Sell,5)"
"Set3","10-02 Day","MBX",1,"10-02 Day","17%,(Sell,9)","45%,(Wait,21)","65%,(Buy,34)"
"Set3","10-02 Day","MBX",2,"10-03 Day","11%,(Sell,4)","5%,(Sell,2)","24%,(Sell,11)"
"Set3","10-02 Day","MBX",3,"10-04 Day","2%,(Sell,1)","5%,(Sell,2)","3%,(Sell,1)"
"Set3","10-02 Day","MBX",4,"10-05 Day","7%,(Sell,3)","10%,(Wait,3)","2%,(Sell,1)"
"Set3","10-02 Day","MBX",5,"10-06 Day","53%,(Sell,8)","13%,(Sell,2)","6%,(Sell,2)"
"Set3","10-02 Day","MBX",6,"10-07 Day","22%,(Sell,4)","18%,(Sell,7)","23%,(Sell,5)"
"Set3","10-02 Day","ME",1,"10-02 Day","27%,(Sell,14)","20%,(Sell,10)","25%,(Sell,13)"
"Set3","10-02 Day","ME",2,"10-03 Day","28%,(Wait,10)","15%,(Wait,5)","21%,(Wait,6)"
"Set3","10-02 Day","ME",3,"10-04 Day","46%,(Sell,13)","52%,(Sell,15)","39%,(Sell,11)"
"Set3","10-02 Day","ME",4,"10-05 Day","61%,(Sell,14)","73%,(Wait,22)","52%,(Sell,15)"
"Set3","10-02 Day","ME",5,"10-06 Day","68%,(Sell,17)","71%,(Wait,29)","41%,(Sell,7)"
"Set3","10-02 Day","ME",6,"10-07 Day","46%,(Sell,13)","71%,(Wait,22)","50%,(Sell,7)"
"Set3","10-02 Day","MED",1,"10-02 Day","59%,(Wait,29)","67%,(Buy,34)","81%,(Buy,42)"
"Set3","10-02 Day","MED",2,"10-03 Day","61%,(Wait,22)","25%,(Wait,9)","70%,(Wait,28)"
"Set3","10-02 Day","MED",3,"10-04 Day","22%,(Sell,5)","11%,(Sell,4)","46%,(Sell,11)"
"Set3","10-02 Day","MED",4,"10-05 Day","33%,(Wait,11)","18%,(Sell,7)","16%,(Wait,5)"
"Set3","10-02 Day","MED",5,"10-06 Day","30%,(Sell,7)","36%,(Sell,10)","18%,(Sell,7)"
"Set3","10-02 Day","MED",6,"10-07 Day","6%,(Sell,1)","0%,(Sell,0)","30%,(Sell,8)"
"Set3","10-02 Day","MEGA",1,"10-03 Day","27%,(Sell,14)","12%,(Sell,6)","42%,(Wait,22)"
"Set3","10-02 Day","MEGA",2,"10-04 Day","3%,(Sell,1)","20%,(Sell,8)","34%,(Wait,12)"
"Set3","10-02 Day","MEGA",3,"10-05 Day","7%,(Wait,2)","21%,(Sell,5)","32%,(Wait,10)"
"Set3","10-02 Day","MEGA",4,"10-06 Day","28%,(Sell,5)","59%,(Sell,13)","45%,(Sell,10)"
"Set3","10-02 Day","MEGA",5,"10-07 Day","47%,(Sell,9)","68%,(Sell,15)","32%,(Sell,8)"
"Set3","10-02 Day","MEGA",6,"10-08 Day","18%,(Sell,2)","0%,(Sell,0)","20%,(Sell,3)"
"Set3","10-02 Day","MERL",1,"10-02 Day","37%,(Sell,19)","33%,(Sell,17)","19%,(Sell,10)"
"Set3","10-02 Day","MERL",2,"10-03 Day","29%,(Sell,15)","35%,(Wait,15)","33%,(Wait,12)"
"Set3","10-02 Day","MERL",3,"10-04 Day","33%,(Wait,11)","62%,(Sell,15)","56%,(Sell,14)"
"Set3","10-02 Day","MERL",4,"10-05 Day","51%,(Wait,20)","59%,(Sell,19)","43%,(Sell,13)"
"Set3","10-02 Day","MERL",5,"10-06 Day","47%,(Wait,18)","55%,(Wait,24)","62%,(Buy,30)"
"Set3","10-02 Day","MERL",6,"10-07 Day","40%,(Sell,12)","38%,(Sell,9)","74%,(Buy,31)"
"Set3","10-02 Day","MET",1,"10-02 Day","50%,(Wait,25)","69%,(Buy,36)","46%,(Wait,21)"
"Set3","10-02 Day","MET",2,"10-03 Day","40%,(Wait,18)","84%,(Buy,42)","69%,(Wait,27)"
"Set3","10-02 Day","MET",3,"10-04 Day","57%,(Sell,12)","66%,(Wait,27)","77%,(Buy,30)"
"Set3","10-02 Day","MET",4,"10-05 Day","84%,(Wait,21)","69%,(Sell,9)","89%,(Wait,24)"
"Set3","10-02 Day","MET",5,"10-06 Day","70%,(Sell,16)","67%,(Sell,8)","67%,(Sell,14)"
"Set3","10-02 Day","MET",6,"10-07 Day","83%,(Sell,15)","82%,(Sell,18)","60%,(Sell,15)"
"Set3","10-02 Day","META",1,"10-02 Day","46%,(Wait,24)","47%,(Wait,24)","63%,(Buy,33)"
"Set3","10-02 Day","META",2,"10-03 Day","67%,(Wait,26)","37%,(Wait,13)","54%,(Sell,19)"
"Set3","10-02 Day","META",3,"10-04 Day","62%,(Wait,23)","32%,(Sell,9)","16%,(Sell,6)"
"Set3","10-02 Day","META",4,"10-05 Day","39%,(Sell,12)","42%,(Sell,10)","17%,(Wait,5)"
"Set3","10-02 Day","META",5,"10-06 Day","62%,(Wait,21)","24%,(Wait,7)","13%,(Sell,6)"
"Set3","10-02 Day","META",6,"10-07 Day","69%,(Sell,11)","32%,(Sell,9)","27%,(Sell,4)"
"Set3","10-02 Day","METIS",1,"10-02 Day","15%,(Sell,8)","35%,(Sell,18)","15%,(Sell,8)"
"Set3","10-02 Day","METIS",2,"10-03 Day","32%,(Wait,12)","45%,(Wait,17)","32%,(Wait,13)"
"Set3","10-02 Day","METIS",3,"10-04 Day","20%,(Wait,6)","53%,(Sell,17)","34%,(Wait,15)"
"Set3","10-02 Day","METIS",4,"10-05 Day","24%,(Wait,7)","14%,(Wait,4)","42%,(Wait,16)"
"Set3","10-02 Day","METIS",5,"10-06 Day","40%,(Wait,17)","0%,(Sell,0)","30%,(Wait,10)"
"Set3","10-02 Day","METIS",6,"10-07 Day","61%,(Sell,19)","0%,(Wait,0)","46%,(Sell,11)"
"Set3","10-02 Day","MEV",1,"10-03 Day","17%,(Sell,9)","29%,(Sell,15)","52%,(Wait,27)"
"Set3","10-02 Day","MEV",2,"10-04 Day","6%,(Sell,2)","52%,(Wait,23)","56%,(Sell,15)"
"Set3","10-02 Day","MEV",3,"10-05 Day","12%,(Wait,3)","5%,(Sell,1)","55%,(Sell,12)"
"Set3","10-02 Day","MEV",4,"10-06 Day","31%,(Wait,13)","25%,(Sell,6)","11%,(Wait,3)"
"Set3","10-02 Day","MEV",5,"10-07 Day","21%,(Sell,4)","30%,(Sell,8)","19%,(Sell,4)"
"Set3","10-02 Day","MEV",6,"10-08 Day","54%,(Sell,14)","0%,(Sell,0)","27%,(Sell,3)"
"Set3","10-02 Day","MEW",1,"10-02 Day","62%,(Buy,32)","13%,(Sell,7)","52%,(Wait,27)"
"Set3","10-02 Day","MEW",2,"10-03 Day","33%,(Wait,14)","16%,(Sell,8)","20%,(Wait,7)"
"Set3","10-02 Day","MEW",3,"10-04 Day","7%,(Sell,3)","5%,(Sell,2)","64%,(Wait,21)"
"Set3","10-02 Day","MEW",4,"10-05 Day","5%,(Sell,2)","10%,(Sell,4)","56%,(Sell,10)"
"Set3","10-02 Day","MEW",5,"10-06 Day","6%,(Sell,2)","0%,(Sell,0)","19%,(Wait,5)"
"Set3","10-02 Day","MEW",6,"10-07 Day","25%,(Wait,8)","27%,(Sell,7)","0%,(Sell,0)"
"Set3","10-02 Day","MINA",1,"10-03 Day","31%,(Sell,16)","31%,(Sell,16)","38%,(Sell,18)"
"Set3","10-02 Day","MINA",2,"10-04 Day","34%,(Wait,11)","51%,(Wait,24)","28%,(Sell,12)"
"Set3","10-02 Day","MINA",3,"10-05 Day","33%,(Wait,10)","47%,(Wait,18)","20%,(Sell,8)"
"Set3","10-02 Day","MINA",4,"10-06 Day","52%,(Sell,11)","62%,(Wait,25)","19%,(Sell,7)"
"Set3","10-02 Day","MINA",5,"10-07 Day","29%,(Sell,7)","86%,(Wait,24)","34%,(Sell,10)"
"Set3","10-02 Day","MINA",6,"10-08 Day","52%,(Wait,21)","84%,(Wait,21)","57%,(Sell,8)"
"Set3","10-02 Day","MIRA",1,"10-02 Day","48%,(Wait,25)","55%,(Wait,26)","23%,(Sell,11)"
"Set3","10-02 Day","MIRA",2,"10-03 Day","60%,(Wait,21)","37%,(Sell,10)","22%,(Wait,7)"
"Set3","10-02 Day","MIRA",3,"10-04 Day","47%,(Sell,17)","43%,(Wait,18)","43%,(Sell,6)"
"Set3","10-02 Day","MIRA",4,"10-05 Day","42%,(Sell,11)","42%,(Wait,16)","39%,(Sell,7)"
"Set3","10-02 Day","MIRA",5,"10-06 Day","36%,(Sell,9)","28%,(Sell,7)","25%,(Wait,8)"
"Set3","10-02 Day","MIRA",6,"10-07 Day","7%,(Sell,1)","18%,(Sell,3)","18%,(Sell,4)"
"Set3","10-02 Day","MLK",1,"10-02 Day","31%,(Sell,16)","53%,(Wait,27)","35%,(Sell,18)"
"Set3","10-02 Day","MLK",2,"10-03 Day","33%,(Wait,12)","55%,(Wait,21)","23%,(Wait,7)"
"Set3","10-02 Day","MLK",3,"10-04 Day","32%,(Sell,9)","61%,(Sell,19)","26%,(Wait,10)"
"Set3","10-02 Day","MLK",4,"10-05 Day","39%,(Wait,13)","46%,(Sell,11)","35%,(Wait,12)"
"Set3","10-02 Day","MLK",5,"10-06 Day","44%,(Wait,18)","23%,(Sell,5)","58%,(Wait,22)"
"Set3","10-02 Day","MLK",6,"10-07 Day","34%,(Wait,12)","35%,(Sell,6)","52%,(Sell,12)"
"Set3","10-02 Day","MMT",1,"10-02 Day","47%,(Wait,24)","38%,(Wait,20)","33%,(Sell,17)"
"Set3","10-02 Day","MMT",2,"10-03 Day","28%,(Sell,13)","37%,(Wait,13)","37%,(Sell,10)"
"Set3","10-02 Day","MMT",3,"10-04 Day","37%,(Wait,14)","46%,(Wait,18)","19%,(Wait,5)"
"Set3","10-02 Day","MMT",4,"10-05 Day","6%,(Sell,2)","24%,(Sell,11)","0%,(Sell,0)"
"Set3","10-02 Day","MMT",5,"10-06 Day","10%,(Sell,4)","2%,(Sell,1)","0%,(Sell,0)"
"Set3","10-02 Day","MMT",6,"10-07 Day","11%,(Sell,4)","2%,(Sell,1)","0%,(Sell,0)"
"Set3","10-02 Day","MNT",1,"10-02 Day","31%,(Sell,16)","33%,(Sell,17)","65%,(Buy,34)"
"Set3","10-02 Day","MNT",2,"10-03 Day","35%,(Wait,13)","27%,(Sell,13)","48%,(Wait,21)"
"Set3","10-02 Day","MNT",3,"10-04 Day","16%,(Wait,5)","30%,(Wait,11)","28%,(Wait,10)"
"Set3","10-02 Day","MNT",4,"10-05 Day","8%,(Wait,2)","32%,(Wait,12)","10%,(Wait,3)"
"Set3","10-02 Day","MNT",5,"10-06 Day","19%,(Wait,5)","33%,(Wait,11)","6%,(Sell,2)"
"Set3","10-02 Day","MNT",6,"10-07 Day","28%,(Sell,7)","19%,(Wait,5)","9%,(Sell,3)"
"Set3","10-02 Day","MOC",1,"10-02 Day","51%,(Wait,24)","35%,(Sell,18)","33%,(Sell,17)"
"Set3","10-02 Day","MOC",2,"10-03 Day","56%,(Sell,18)","60%,(Wait,21)","33%,(Wait,10)"
"Set3","10-02 Day","MOC",3,"10-04 Day","45%,(Sell,10)","53%,(Sell,16)","30%,(Wait,12)"
"Set3","10-02 Day","MOC",4,"10-05 Day","11%,(Wait,3)","37%,(Sell,10)","4%,(Wait,1)"
"Set3","10-02 Day","MOC",5,"10-06 Day","29%,(Sell,12)","5%,(Sell,1)","12%,(Sell,2)"
"Set3","10-02 Day","MOC",6,"10-07 Day","57%,(Sell,17)","26%,(Wait,9)","22%,(Sell,4)"
"Set3","10-02 Day","MOCA",1,"10-02 Day","50%,(Wait,26)","44%,(Wait,23)","38%,(Wait,17)"
"Set3","10-02 Day","MOCA",2,"10-03 Day","40%,(Wait,16)","38%,(Wait,13)","17%,(Sell,3)"
"Set3","10-02 Day","MOCA",3,"10-04 Day","32%,(Wait,12)","74%,(Sell,14)","58%,(Sell,11)"
"Set3","10-02 Day","MOCA",4,"10-05 Day","25%,(Sell,6)","36%,(Sell,10)","16%,(Sell,6)"
"Set3","10-02 Day","MOCA",5,"10-06 Day","0%,(Sell,0)","53%,(Sell,17)","13%,(Wait,4)"
"Set3","10-02 Day","MOCA",6,"10-07 Day","26%,(Wait,7)","50%,(Sell,13)","14%,(Wait,4)"
"Set3","10-02 Day","MON",1,"10-03 Day","27%,(Sell,14)","62%,(Buy,30)","23%,(Sell,12)"
"Set3","10-02 Day","MON",2,"10-04 Day","8%,(Wait,2)","32%,(Wait,12)","28%,(Sell,7)"
"Set3","10-02 Day","MON",3,"10-05 Day","24%,(Wait,8)","9%,(Sell,3)","0%,(Wait,0)"
"Set3","10-02 Day","MON",4,"10-06 Day","0%,(Sell,0)","0%,(Sell,0)","0%,(Sell,0)"
"Set3","10-02 Day","MON",5,"10-07 Day","0%,(Wait,0)","6%,(Sell,3)","3%,(Sell,1)"
"Set3","10-02 Day","MON",6,"10-08 Day","16%,(Wait,5)","2%,(Sell,1)","3%,(Sell,1)"
"Set3","10-02 Day","MOODENG",1,"10-03 Day","43%,(Wait,22)","41%,(Wait,21)","40%,(Wait,21)"
"Set3","10-02 Day","MOODENG",2,"10-04 Day","42%,(Wait,15)","50%,(Sell,15)","27%,(Wait,9)"
"Set3","10-02 Day","MOODENG",3,"10-05 Day","19%,(Sell,4)","28%,(Sell,5)","12%,(Wait,3)"
"Set3","10-02 Day","MOODENG",4,"10-06 Day","44%,(Sell,12)","6%,(Sell,1)","85%,(Sell,17)"
"Set3","10-02 Day","MOODENG",5,"10-07 Day","60%,(Sell,18)","12%,(Wait,4)","83%,(Wait,29)"
"Set3","10-02 Day","MOODENG",6,"10-08 Day","38%,(Sell,11)","25%,(Sell,6)","78%,(Sell,18)"
"Set3","10-02 Day","MORPHO",1,"10-02 Day","65%,(Buy,34)","53%,(Wait,27)","42%,(Wait,22)"
"Set3","10-02 Day","MORPHO",2,"10-03 Day","46%,(Wait,18)","69%,(Wait,22)","48%,(Sell,16)"
"Set3","10-02 Day","MORPHO",3,"10-04 Day","58%,(Wait,26)","39%,(Sell,11)","38%,(Sell,10)"
"Set3","10-02 Day","MORPHO",4,"10-05 Day","55%,(Wait,23)","31%,(Wait,10)","38%,(Sell,10)"
"Set3","10-02 Day","MORPHO",5,"10-06 Day","43%,(Wait,15)","28%,(Wait,11)","21%,(Sell,4)"
"Set3","10-02 Day","MORPHO",6,"10-07 Day","27%,(Wait,8)","17%,(Wait,4)","16%,(Wait,4)"
"Set3","10-02 Day","MOVE",1,"10-03 Day","42%,(Wait,22)","52%,(Wait,27)","52%,(Wait,23)"
"Set3","10-02 Day","MOVE",2,"10-04 Day","24%,(Wait,8)","39%,(Sell,11)","38%,(Wait,13)"
"Set3","10-02 Day","MOVE",3,"10-05 Day","23%,(Wait,7)","42%,(Sell,11)","22%,(Sell,9)"
"Set3","10-02 Day","MOVE",4,"10-06 Day","14%,(Sell,6)","37%,(Wait,15)","7%,(Wait,2)"
"Set3","10-02 Day","MOVE",5,"10-07 Day","6%,(Sell,2)","9%,(Sell,3)","0%,(Wait,0)"
"Set3","10-02 Day","MOVE",6,"10-08 Day","0%,(Sell,0)","15%,(Wait,4)","0%,(Sell,0)"
"Set3","10-02 Day","MTL",1,"10-02 Day","38%,(Sell,19)","63%,(Buy,33)","29%,(Sell,15)"
"Set3","10-02 Day","MTL",2,"10-03 Day","67%,(Wait,24)","38%,(Wait,17)","21%,(Wait,7)"
"Set3","10-02 Day","MTL",3,"10-04 Day","36%,(Wait,12)","28%,(Sell,13)","29%,(Wait,8)"
"Set3","10-02 Day","MTL",4,"10-05 Day","36%,(Wait,12)","38%,(Wait,15)","42%,(Sell,14)"
"Set3","10-02 Day","MTL",5,"10-06 Day","35%,(Wait,12)","38%,(Wait,13)","17%,(Wait,6)"
"Set3","10-02 Day","MTL",6,"10-07 Day","18%,(Wait,6)","48%,(Sell,15)","20%,(Wait,6)"
"Set3","10-02 Day","MVC",1,"10-02 Day","65%,(Buy,34)","35%,(Sell,18)","52%,(Wait,27)"
"Set3","10-02 Day","MVC",2,"10-03 Day","78%,(Buy,31)","29%,(Sell,12)","47%,(Sell,17)"
"Set3","10-02 Day","MVC",3,"10-04 Day","68%,(Sell,13)","35%,(Sell,7)","30%,(Wait,10)"
"Set3","10-02 Day","MVC",4,"10-05 Day","50%,(Sell,17)","50%,(Sell,13)","32%,(Wait,10)"
"Set3","10-02 Day","MVC",5,"10-06 Day","32%,(Wait,11)","37%,(Wait,13)","69%,(Sell,11)"
"Set3","10-02 Day","MVC",6,"10-07 Day","20%,(Sell,4)","59%,(Sell,17)","50%,(Sell,10)"
"Set3","10-02 Day","MVL",1,"10-02 Day","44%,(Wait,23)","50%,(Wait,26)","31%,(Sell,15)"
"Set3","10-02 Day","MVL",2,"10-03 Day","38%,(Wait,15)","72%,(Buy,31)","30%,(Sell,8)"
"Set3","10-02 Day","MVL",3,"10-04 Day","50%,(Sell,13)","51%,(Sell,19)","59%,(Sell,10)"
"Set3","10-02 Day","MVL",4,"10-05 Day","33%,(Wait,12)","30%,(Sell,8)","19%,(Sell,3)"
"Set3","10-02 Day","MVL",5,"10-06 Day","22%,(Wait,8)","17%,(Sell,3)","15%,(Sell,3)"
"Set3","10-02 Day","MVL",6,"10-07 Day","17%,(Sell,4)","28%,(Sell,5)","29%,(Sell,5)"
"Set3","10-02 Day","NCT",1,"10-02 Day","63%,(Buy,33)","62%,(Buy,32)","73%,(Buy,38)"
"Set3","10-02 Day","NCT",2,"10-03 Day","76%,(Wait,29)","38%,(Sell,10)","72%,(Wait,23)"
"Set3","10-02 Day","NCT",3,"10-04 Day","82%,(Wait,23)","31%,(Wait,9)","48%,(Sell,15)"
"Set3","10-02 Day","NCT",4,"10-05 Day","86%,(Wait,25)","21%,(Sell,5)","70%,(Sell,16)"
"Set3","10-02 Day","NCT",5,"10-06 Day","80%,(Sell,16)","24%,(Sell,6)","74%,(Wait,20)"
"Set3","10-02 Day","NCT",6,"10-07 Day","60%,(Sell,12)","36%,(Sell,8)","81%,(Sell,17)"
"Set3","10-02 Day","NEAR",1,"10-03 Day","48%,(Wait,25)","35%,(Sell,18)","44%,(Wait,23)"
"Set3","10-02 Day","NEAR",2,"10-04 Day","52%,(Wait,21)","65%,(Buy,31)","38%,(Wait,16)"
"Set3","10-02 Day","NEAR",3,"10-05 Day","47%,(Sell,16)","83%,(Wait,29)","32%,(Sell,9)"
"Set3","10-02 Day","NEAR",4,"10-06 Day","40%,(Sell,10)","82%,(Wait,28)","24%,(Sell,6)"
"Set3","10-02 Day","NEAR",5,"10-07 Day","50%,(Sell,18)","59%,(Sell,19)","52%,(Sell,12)"
"Set3","10-02 Day","NEAR",6,"10-08 Day","42%,(Wait,16)","51%,(Wait,20)","63%,(Sell,19)"
"Set3","10-02 Day","NEO",1,"10-02 Day","40%,(Wait,21)","71%,(Buy,37)","29%,(Sell,15)"
"Set3","10-02 Day","NEO",2,"10-03 Day","42%,(Sell,14)","86%,(Buy,31)","33%,(Wait,14)"
"Set3","10-02 Day","NEO",3,"10-04 Day","40%,(Wait,16)","48%,(Sell,11)","64%,(Sell,18)"
"Set3","10-02 Day","NEO",4,"10-05 Day","50%,(Sell,16)","17%,(Wait,4)","13%,(Wait,4)"
"Set3","10-02 Day","NEO",5,"10-06 Day","45%,(Sell,14)","15%,(Wait,4)","24%,(Sell,5)"
"Set3","10-02 Day","NEO",6,"10-07 Day","41%,(Sell,13)","18%,(Wait,5)","16%,(Sell,7)"
"Set3","10-02 Day","NEWT",1,"10-02 Day","45%,(Wait,19)","44%,(Wait,19)","10%,(Sell,4)"
"Set3","10-02 Day","NEWT",2,"10-03 Day","45%,(Sell,15)","39%,(Sell,12)","21%,(Sell,4)"
"Set3","10-02 Day","NEWT",3,"10-04 Day","46%,(Sell,11)","47%,(Sell,16)","65%,(Sell,15)"
"Set3","10-02 Day","NEWT",4,"10-05 Day","19%,(Wait,6)","27%,(Wait,8)","42%,(Sell,10)"
"Set3","10-02 Day","NEWT",5,"10-06 Day","9%,(Sell,3)","11%,(Sell,4)","17%,(Wait,4)"
"Set3","10-02 Day","NEWT",6,"10-07 Day","0%,(Wait,0)","6%,(Sell,2)","24%,(Sell,6)"
"Set3","10-02 Day","NFT",1,"10-02 Day","65%,(Sell,17)","NaN%,(Sell,0)","NaN%,(Sell,0)"
"Set3","10-02 Day","NFT",2,"10-03 Day","67%,(Sell,8)","NaN%,(Sell,0)","NaN%,(Sell,0)"
"Set3","10-02 Day","NFT",3,"10-04 Day","71%,(Sell,5)","NaN%,(Sell,0)","NaN%,(Sell,0)"
"Set3","10-02 Day","NFT",4,"10-05 Day","53%,(Sell,10)","NaN%,(Sell,0)","NaN%,(Sell,0)"
"Set3","10-02 Day","NFT",5,"10-06 Day","25%,(Sell,1)","NaN%,(Sell,0)","NaN%,(Sell,0)"
"Set3","10-02 Day","NFT",6,"10-07 Day","100%,(Sell,3)","NaN%,(Sell,0)","NaN%,(Sell,0)"
"Set3","10-02 Day","NIL",1,"10-03 Day","65%,(Buy,34)","37%,(Sell,19)","33%,(Sell,15)"
"Set3","10-02 Day","NIL",2,"10-04 Day","67%,(Buy,35)","53%,(Wait,25)","39%,(Wait,18)"
"Set3","10-02 Day","NIL",3,"10-05 Day","53%,(Sell,17)","57%,(Wait,25)","60%,(Wait,28)"
"Set3","10-02 Day","NIL",4,"10-06 Day","83%,(Sell,19)","76%,(Wait,25)","70%,(Wait,26)"
"Set3","10-02 Day","NIL",5,"10-07 Day","90%,(Wait,26)","75%,(Wait,21)","52%,(Sell,11)"
"Set3","10-02 Day","NIL",6,"10-08 Day","65%,(Sell,13)","22%,(Sell,2)","43%,(Sell,6)"
"Set3","10-02 Day","NMR",1,"10-02 Day","35%,(Sell,18)","23%,(Sell,12)","19%,(Sell,10)"
"Set3","10-02 Day","NMR",2,"10-03 Day","8%,(Sell,3)","11%,(Sell,4)","9%,(Sell,3)"
"Set3","10-02 Day","NMR",3,"10-04 Day","3%,(Sell,1)","0%,(Sell,0)","0%,(Wait,0)"
"Set3","10-02 Day","NMR",4,"10-05 Day","4%,(Wait,1)","0%,(Sell,0)","8%,(Sell,1)"
"Set3","10-02 Day","NMR",5,"10-06 Day","15%,(Wait,4)","7%,(Sell,3)","21%,(Sell,3)"
"Set3","10-02 Day","NMR",6,"10-07 Day","0%,(Sell,0)","0%,(Sell,0)","28%,(Sell,5)"
"Set3","10-02 Day","NXPC",1,"10-02 Day","51%,(Wait,26)","46%,(Wait,24)","52%,(Wait,27)"
"Set3","10-02 Day","NXPC",2,"10-03 Day","49%,(Sell,17)","82%,(Wait,28)","38%,(Wait,15)"
"Set3","10-02 Day","NXPC",3,"10-04 Day","64%,(Sell,18)","71%,(Sell,10)","37%,(Wait,13)"
"Set3","10-02 Day","NXPC",4,"10-05 Day","88%,(Sell,15)","46%,(Sell,6)","56%,(Sell,18)"
"Set3","10-02 Day","NXPC",5,"10-06 Day","100%,(Wait,25)","17%,(Sell,3)","60%,(Wait,21)"
"Set3","10-02 Day","NXPC",6,"10-07 Day","97%,(Buy,35)","84%,(Wait,21)","59%,(Sell,13)"
"Set3","10-02 Day","OBSR",1,"10-03 Day","65%,(Buy,34)","42%,(Wait,22)","27%,(Sell,14)"
"Set3","10-02 Day","OBSR",2,"10-04 Day","62%,(Wait,21)","58%,(Wait,21)","20%,(Sell,8)"
"Set3","10-02 Day","OBSR",3,"10-05 Day","77%,(Wait,23)","33%,(Sell,9)","46%,(Sell,11)"
"Set3","10-02 Day","OBSR",4,"10-06 Day","79%,(Wait,23)","19%,(Sell,7)","59%,(Wait,20)"
"Set3","10-02 Day","OBSR",5,"10-07 Day","81%,(Wait,26)","25%,(Wait,9)","73%,(Sell,11)"
"Set3","10-02 Day","OBSR",6,"10-08 Day","93%,(Wait,28)","44%,(Wait,16)","50%,(Sell,4)"
"Set3","10-02 Day","OBT",1,"10-02 Day","37%,(Sell,19)","60%,(Buy,31)","23%,(Sell,12)"
"Set3","10-02 Day","OBT",2,"10-03 Day","31%,(Wait,11)","27%,(Sell,12)","19%,(Sell,8)"
"Set3","10-02 Day","OBT",3,"10-04 Day","22%,(Wait,7)","5%,(Sell,2)","24%,(Wait,7)"
"Set3","10-02 Day","OBT",4,"10-05 Day","14%,(Sell,5)","3%,(Sell,1)","13%,(Wait,3)"
"Set3","10-02 Day","OBT",5,"10-06 Day","4%,(Wait,1)","11%,(Sell,2)","12%,(Wait,3)"
"Set3","10-02 Day","OBT",6,"10-07 Day","0%,(Sell,0)","17%,(Sell,3)","7%,(Wait,2)"
"Set3","10-02 Day","OGN",1,"10-02 Day","35%,(Sell,17)","60%,(Buy,31)","30%,(Sell,14)"
"Set3","10-02 Day","OGN",2,"10-03 Day","41%,(Wait,16)","10%,(Wait,3)","21%,(Sell,8)"
"Set3","10-02 Day","OGN",3,"10-04 Day","8%,(Wait,2)","27%,(Sell,3)","26%,(Wait,7)"
"Set3","10-02 Day","OGN",4,"10-05 Day","21%,(Sell,3)","62%,(Sell,10)","15%,(Sell,6)"
"Set3","10-02 Day","OGN",5,"10-06 Day","44%,(Wait,16)","19%,(Sell,3)","36%,(Wait,16)"
"Set3","10-02 Day","OGN",6,"10-07 Day","24%,(Wait,7)","46%,(Sell,13)","43%,(Sell,10)"
"Set3","10-02 Day","ONDO",1,"10-03 Day","46%,(Wait,24)","10%,(Sell,5)","59%,(Wait,27)"
"Set3","10-02 Day","ONDO",2,"10-04 Day","29%,(Wait,8)","31%,(Sell,16)","65%,(Wait,20)"
"Set3","10-02 Day","ONDO",3,"10-05 Day","57%,(Wait,21)","74%,(Buy,32)","19%,(Wait,5)"
"Set3","10-02 Day","ONDO",4,"10-06 Day","65%,(Sell,17)","81%,(Sell,17)","33%,(Wait,13)"
"Set3","10-02 Day","ONDO",5,"10-07 Day","66%,(Wait,25)","84%,(Wait,26)","36%,(Sell,10)"
"Set3","10-02 Day","ONDO",6,"10-08 Day","60%,(Wait,25)","55%,(Wait,22)","45%,(Wait,19)"
"Set3","10-02 Day","ONG",1,"10-02 Day","40%,(Wait,21)","82%,(Buy,42)","44%,(Wait,22)"
"Set3","10-02 Day","ONG",2,"10-03 Day","62%,(Wait,23)","62%,(Wait,20)","47%,(Wait,21)"
"Set3","10-02 Day","ONG",3,"10-04 Day","20%,(Wait,5)","25%,(Wait,7)","35%,(Sell,6)"
"Set3","10-02 Day","ONG",4,"10-05 Day","12%,(Sell,4)","14%,(Sell,5)","6%,(Wait,2)"
"Set3","10-02 Day","ONG",5,"10-06 Day","9%,(Sell,3)","15%,(Wait,4)","11%,(Sell,2)"
"Set3","10-02 Day","ONG",6,"10-07 Day","12%,(Wait,4)","9%,(Sell,3)","16%,(Wait,4)"
"Set3","10-02 Day","ONT",1,"10-02 Day","72%,(Buy,36)","59%,(Buy,30)","59%,(Buy,30)"
"Set3","10-02 Day","ONT",2,"10-03 Day","54%,(Sell,14)","39%,(Wait,13)","73%,(Wait,24)"
"Set3","10-02 Day","ONT",3,"10-04 Day","22%,(Wait,7)","42%,(Sell,10)","49%,(Wait,20)"
"Set3","10-02 Day","ONT",4,"10-05 Day","24%,(Wait,9)","8%,(Sell,3)","37%,(Sell,10)"
"Set3","10-02 Day","ONT",5,"10-06 Day","29%,(Wait,8)","7%,(Wait,2)","30%,(Sell,8)"
"Set3","10-02 Day","ONT",6,"10-07 Day","44%,(Sell,8)","25%,(Sell,5)","32%,(Sell,6)"
"Set3","10-02 Day","OP",1,"10-02 Day","42%,(Wait,22)","24%,(Sell,12)","71%,(Buy,36)"
"Set3","10-02 Day","OP",2,"10-03 Day","29%,(Wait,9)","35%,(Wait,13)","43%,(Wait,16)"
"Set3","10-02 Day","OP",3,"10-04 Day","21%,(Sell,5)","53%,(Sell,16)","59%,(Sell,13)"
"Set3","10-02 Day","OP",4,"10-05 Day","56%,(Sell,19)","60%,(Sell,18)","68%,(Wait,27)"
"Set3","10-02 Day","OP",5,"10-06 Day","54%,(Wait,25)","48%,(Sell,10)","66%,(Wait,25)"
"Set3","10-02 Day","OP",6,"10-07 Day","30%,(Sell,6)","30%,(Sell,6)","89%,(Wait,25)"
"Set3","10-02 Day","OPEN",1,"10-02 Day","66%,(Buy,33)","49%,(Wait,24)","54%,(Wait,27)"
"Set3","10-02 Day","OPEN",2,"10-03 Day","24%,(Wait,8)","59%,(Sell,16)","74%,(Wait,23)"
"Set3","10-02 Day","OPEN",3,"10-04 Day","38%,(Wait,12)","62%,(Sell,18)","51%,(Sell,19)"
"Set3","10-02 Day","OPEN",4,"10-05 Day","44%,(Sell,8)","53%,(Sell,8)","9%,(Wait,2)"
"Set3","10-02 Day","OPEN",5,"10-06 Day","100%,(Sell,4)","100%,(Sell,14)","27%,(Sell,3)"
"Set3","10-02 Day","OPEN",6,"10-07 Day","29%,(Wait,8)","6%,(Sell,1)","14%,(Sell,2)"
"Set3","10-02 Day","OPG",1,"10-02 Day","42%,(Wait,21)","45%,(Wait,23)","49%,(Wait,23)"
"Set3","10-02 Day","OPG",2,"10-03 Day","33%,(Sell,15)","36%,(Wait,16)","22%,(Sell,9)"
"Set3","10-02 Day","OPG",3,"10-04 Day","18%,(Sell,7)","17%,(Sell,8)","16%,(Sell,6)"
"Set3","10-02 Day","OPG",4,"10-05 Day","19%,(Wait,5)","14%,(Wait,4)","12%,(Wait,4)"
"Set3","10-02 Day","OPG",5,"10-06 Day","12%,(Sell,2)","43%,(Sell,3)","31%,(Sell,4)"
"Set3","10-02 Day","OPG",6,"10-07 Day","0%,(Wait,0)","0%,(Sell,0)","18%,(Sell,3)"
"Set3","10-02 Day","ORBS",1,"10-02 Day","40%,(Wait,21)","25%,(Sell,13)","33%,(Sell,17)"
"Set3","10-02 Day","ORBS",2,"10-03 Day","21%,(Sell,9)","26%,(Wait,10)","26%,(Wait,9)"
"Set3","10-02 Day","ORBS",3,"10-04 Day","16%,(Sell,6)","12%,(Wait,4)","11%,(Sell,5)"
"Set3","10-02 Day","ORBS",4,"10-05 Day","6%,(Sell,2)","14%,(Sell,5)","10%,(Sell,4)"
"Set3","10-02 Day","ORBS",5,"10-06 Day","21%,(Wait,6)","45%,(Sell,10)","19%,(Sell,4)"
"Set3","10-02 Day","ORBS",6,"10-07 Day","56%,(Sell,9)","62%,(Wait,20)","44%,(Sell,4)"
"Set3","10-02 Day","ORCA",1,"10-03 Day","35%,(Sell,18)","62%,(Buy,32)","56%,(Wait,29)"
"Set3","10-02 Day","ORCA",2,"10-04 Day","43%,(Wait,16)","59%,(Wait,22)","63%,(Wait,24)"
"Set3","10-02 Day","ORCA",3,"10-05 Day","47%,(Sell,17)","66%,(Sell,19)","52%,(Sell,15)"
"Set3","10-02 Day","ORCA",4,"10-06 Day","29%,(Sell,7)","62%,(Sell,13)","28%,(Sell,5)"
"Set3","10-02 Day","ORCA",5,"10-07 Day","10%,(Sell,2)","0%,(Sell,0)","26%,(Wait,9)"
"Set3","10-02 Day","ORCA",6,"10-08 Day","6%,(Sell,1)","0%,(Sell,0)","25%,(Wait,7)"
"Set3","10-02 Day","ORDER",1,"10-02 Day","54%,(Wait,28)","25%,(Sell,13)","31%,(Sell,14)"
"Set3","10-02 Day","ORDER",2,"10-03 Day","26%,(Wait,10)","14%,(Sell,6)","21%,(Wait,7)"
"Set3","10-02 Day","ORDER",3,"10-04 Day","22%,(Wait,7)","27%,(Wait,9)","19%,(Wait,5)"
"Set3","10-02 Day","ORDER",4,"10-05 Day","14%,(Sell,5)","46%,(Sell,11)","16%,(Sell,6)"
"Set3","10-02 Day","ORDER",5,"10-06 Day","17%,(Wait,5)","15%,(Sell,3)","16%,(Sell,6)"
"Set3","10-02 Day","ORDER",6,"10-07 Day","36%,(Sell,5)","11%,(Sell,2)","12%,(Wait,3)"
"Set3","10-02 Day","OSMO",1,"10-02 Day","46%,(Wait,24)","33%,(Sell,17)","42%,(Wait,22)"
"Set3","10-02 Day","OSMO",2,"10-03 Day","41%,(Wait,16)","32%,(Wait,13)","32%,(Sell,15)"
"Set3","10-02 Day","OSMO",3,"10-04 Day","39%,(Sell,12)","55%,(Sell,18)","29%,(Wait,9)"
"Set3","10-02 Day","OSMO",4,"10-05 Day","10%,(Wait,3)","58%,(Sell,19)","3%,(Sell,1)"
"Set3","10-02 Day","OSMO",5,"10-06 Day","17%,(Sell,6)","27%,(Sell,7)","15%,(Wait,5)"
"Set3","10-02 Day","OSMO",6,"10-07 Day","14%,(Wait,4)","32%,(Wait,10)","44%,(Sell,14)"
"Set3","10-02 Day","PARTI",1,"10-02 Day","33%,(Sell,17)","48%,(Wait,25)","32%,(Sell,16)"
"Set3","10-02 Day","PARTI",2,"10-03 Day","22%,(Wait,7)","0%,(Wait,0)","18%,(Sell,7)"
"Set3","10-02 Day","PARTI",3,"10-04 Day","34%,(Sell,10)","29%,(Wait,10)","26%,(Sell,6)"
"Set3","10-02 Day","PARTI",4,"10-05 Day","10%,(Sell,2)","28%,(Wait,8)","48%,(Sell,11)"
"Set3","10-02 Day","PARTI",5,"10-06 Day","5%,(Wait,1)","88%,(Wait,23)","13%,(Wait,3)"
"Set3","10-02 Day","PARTI",6,"10-07 Day","15%,(Wait,5)","44%,(Sell,8)","5%,(Sell,1)"
"Set3","10-02 Day","PAXG",1,"10-02 Day","38%,(Sell,19)","62%,(Buy,32)","79%,(Buy,41)"
"Set3","10-02 Day","PAXG",2,"10-03 Day","51%,(Wait,21)","57%,(Wait,24)","54%,(Sell,13)"
"Set3","10-02 Day","PAXG",3,"10-04 Day","34%,(Wait,11)","31%,(Sell,8)","47%,(Sell,15)"
"Set3","10-02 Day","PAXG",4,"10-05 Day","79%,(Sell,11)","30%,(Sell,8)","29%,(Sell,6)"
"Set3","10-02 Day","PAXG",5,"10-06 Day","74%,(Wait,20)","47%,(Sell,8)","19%,(Sell,4)"
"Set3","10-02 Day","PAXG",6,"10-07 Day","59%,(Sell,19)","31%,(Sell,4)","62%,(Wait,23)"
"Set3","10-02 Day","PCI",1,"10-02 Day","74%,(Buy,31)","56%,(Wait,22)","58%,(Wait,29)"
"Set3","10-02 Day","PCI",2,"10-03 Day","80%,(Buy,35)","67%,(Wait,28)","59%,(Wait,23)"
"Set3","10-02 Day","PCI",3,"10-04 Day","53%,(Sell,18)","52%,(Sell,12)","41%,(Wait,17)"
"Set3","10-02 Day","PCI",4,"10-05 Day","27%,(Wait,9)","77%,(Sell,17)","60%,(Sell,15)"
"Set3","10-02 Day","PCI",5,"10-06 Day","36%,(Sell,10)","64%,(Sell,16)","77%,(Wait,23)"
"Set3","10-02 Day","PCI",6,"10-07 Day","33%,(Sell,8)","50%,(Sell,8)","50%,(Sell,8)"
"Set3","10-02 Day","PEAQ",1,"10-02 Day","21%,(Sell,11)","37%,(Sell,19)","44%,(Wait,23)"
"Set3","10-02 Day","PEAQ",2,"10-03 Day","6%,(Sell,2)","69%,(Wait,20)","42%,(Wait,19)"
"Set3","10-02 Day","PEAQ",3,"10-04 Day","6%,(Sell,1)","29%,(Sell,4)","34%,(Sell,10)"
"Set3","10-02 Day","PEAQ",4,"10-05 Day","43%,(Sell,9)","17%,(Wait,4)","47%,(Sell,9)"
"Set3","10-02 Day","PEAQ",5,"10-06 Day","19%,(Sell,4)","6%,(Sell,1)","12%,(Wait,3)"
"Set3","10-02 Day","PEAQ",6,"10-07 Day","3%,(Sell,1)","0%,(Sell,0)","9%,(Sell,3)"
"Set3","10-02 Day","PENDLE",1,"10-03 Day","38%,(Wait,20)","50%,(Wait,26)","53%,(Wait,27)"
"Set3","10-02 Day","PENDLE",2,"10-04 Day","34%,(Wait,13)","51%,(Wait,22)","50%,(Sell,14)"
"Set3","10-02 Day","PENDLE",3,"10-05 Day","60%,(Sell,15)","69%,(Sell,18)","26%,(Sell,6)"
"Set3","10-02 Day","PENDLE",4,"10-06 Day","35%,(Wait,11)","67%,(Wait,20)","39%,(Sell,11)"
"Set3","10-02 Day","PENDLE",5,"10-07 Day","23%,(Wait,8)","58%,(Sell,15)","39%,(Sell,11)"
"Set3","10-02 Day","PENDLE",6,"10-08 Day","55%,(Sell,11)","54%,(Sell,7)","47%,(Sell,15)"
"Set3","10-02 Day","PENGU",1,"10-03 Day","69%,(Buy,36)","46%,(Wait,24)","60%,(Buy,31)"
"Set3","10-02 Day","PENGU",2,"10-04 Day","68%,(Wait,28)","55%,(Sell,16)","62%,(Wait,25)"
"Set3","10-02 Day","PENGU",3,"10-05 Day","63%,(Wait,22)","62%,(Sell,15)","40%,(Sell,10)"
"Set3","10-02 Day","PENGU",4,"10-06 Day","65%,(Sell,11)","52%,(Sell,14)","17%,(Sell,7)"
"Set3","10-02 Day","PENGU",5,"10-07 Day","19%,(Sell,4)","20%,(Wait,6)","14%,(Sell,6)"
"Set3","10-02 Day","PENGU",6,"10-08 Day","17%,(Sell,4)","13%,(Wait,4)","18%,(Sell,7)"
"Set3","10-02 Day","PEPE",1,"10-02 Day","41%,(Wait,16)","31%,(Wait,10)","72%,(Sell,18)"
"Set3","10-02 Day","PEPE",2,"10-03 Day","36%,(Wait,14)","26%,(Wait,7)","32%,(Wait,11)"
"Set3","10-02 Day","PEPE",3,"10-04 Day","0%,(Sell,0)","21%,(Sell,8)","20%,(Wait,5)"
"Set3","10-02 Day","PEPE",4,"10-05 Day","8%,(Wait,2)","19%,(Wait,6)","16%,(Sell,3)"
"Set3","10-02 Day","PEPE",5,"10-06 Day","45%,(Sell,14)","41%,(Sell,11)","43%,(Sell,9)"
"Set3","10-02 Day","PEPE",6,"10-07 Day","0%,(Sell,0)","0%,(Sell,0)","77%,(Sell,10)"
"Set3","10-02 Day","PHA",1,"10-03 Day","27%,(Sell,14)","21%,(Sell,11)","38%,(Wait,20)"
"Set3","10-02 Day","PHA",2,"10-04 Day","29%,(Sell,15)","22%,(Wait,8)","16%,(Sell,7)"
"Set3","10-02 Day","PHA",3,"10-05 Day","0%,(Sell,0)","43%,(Sell,12)","3%,(Sell,1)"
"Set3","10-02 Day","PHA",4,"10-06 Day","19%,(Wait,5)","15%,(Sell,6)","0%,(Wait,0)"
"Set3","10-02 Day","PHA",5,"10-07 Day","17%,(Wait,6)","16%,(Sell,6)","0%,(Wait,0)"
"Set3","10-02 Day","PHA",6,"10-08 Day","4%,(Wait,1)","12%,(Wait,3)","4%,(Wait,1)"
"Set3","10-02 Day","PIEVERSE",1,"10-02 Day","42%,(Wait,22)","48%,(Wait,25)","69%,(Buy,36)"
"Set3","10-02 Day","PIEVERSE",2,"10-03 Day","71%,(Sell,17)","63%,(Wait,26)","94%,(Wait,29)"
"Set3","10-02 Day","PIEVERSE",3,"10-04 Day","50%,(Sell,11)","45%,(Sell,15)","93%,(Wait,26)"
"Set3","10-02 Day","PIEVERSE",4,"10-05 Day","88%,(Sell,15)","60%,(Sell,15)","97%,(Buy,32)"
"Set3","10-02 Day","PIEVERSE",5,"10-06 Day","92%,(Sell,12)","38%,(Sell,6)","100%,(Wait,22)"
"Set3","10-02 Day","PIEVERSE",6,"10-07 Day","100%,(Wait,20)","62%,(Sell,10)","100%,(Wait,27)"
"Set3","10-02 Day","PLUME",1,"10-03 Day","30%,(Sell,13)","15%,(Sell,8)","40%,(Wait,21)"
"Set3","10-02 Day","PLUME",2,"10-04 Day","31%,(Wait,12)","16%,(Sell,8)","41%,(Wait,17)"
"Set3","10-02 Day","PLUME",3,"10-05 Day","18%,(Wait,5)","15%,(Sell,7)","3%,(Sell,1)"
"Set3","10-02 Day","PLUME",4,"10-06 Day","6%,(Wait,2)","0%,(Sell,0)","0%,(Sell,0)"
"Set3","10-02 Day","PLUME",5,"10-07 Day","9%,(Sell,3)","10%,(Sell,5)","3%,(Sell,1)"
"Set3","10-02 Day","PLUME",6,"10-08 Day","17%,(Wait,5)","0%,(Wait,0)","3%,(Sell,1)"
"Set3","10-02 Day","POKT",1,"10-02 Day","38%,(Wait,20)","46%,(Wait,24)","38%,(Wait,20)"
"Set3","10-02 Day","POKT",2,"10-03 Day","38%,(Sell,11)","22%,(Sell,9)","23%,(Wait,8)"
"Set3","10-02 Day","POKT",3,"10-04 Day","19%,(Wait,5)","24%,(Wait,9)","37%,(Sell,11)"
"Set3","10-02 Day","POKT",4,"10-05 Day","14%,(Sell,5)","9%,(Wait,3)","37%,(Wait,13)"
"Set3","10-02 Day","POKT",5,"10-06 Day","13%,(Wait,4)","10%,(Wait,3)","36%,(Sell,9)"
"Set3","10-02 Day","POKT",6,"10-07 Day","14%,(Sell,3)","15%,(Sell,3)","71%,(Sell,5)"
"Set3","10-02 Day","POL",1,"10-02 Day","54%,(Wait,28)","24%,(Sell,12)","22%,(Sell,11)"
"Set3","10-02 Day","POL",2,"10-03 Day","47%,(Sell,15)","13%,(Sell,6)","15%,(Wait,5)"
"Set3","10-02 Day","POL",3,"10-04 Day","35%,(Wait,12)","7%,(Sell,3)","36%,(Sell,10)"
"Set3","10-02 Day","POL",4,"10-05 Day","8%,(Sell,3)","16%,(Sell,6)","15%,(Wait,4)"
"Set3","10-02 Day","POL",5,"10-06 Day","0%,(Wait,0)","11%,(Sell,2)","7%,(Sell,1)"
"Set3","10-02 Day","POL",6,"10-07 Day","7%,(Sell,1)","17%,(Sell,3)","8%,(Sell,1)"
"Set3","10-02 Day","POLYX",1,"10-02 Day","37%,(Sell,19)","29%,(Sell,15)","38%,(Sell,18)"
"Set3","10-02 Day","POLYX",2,"10-03 Day","32%,(Sell,9)","28%,(Wait,10)","55%,(Wait,21)"
"Set3","10-02 Day","POLYX",3,"10-04 Day","31%,(Sell,8)","38%,(Wait,13)","52%,(Sell,11)"
"Set3","10-02 Day","POLYX",4,"10-05 Day","23%,(Wait,7)","22%,(Sell,5)","3%,(Wait,1)"
"Set3","10-02 Day","POLYX",5,"10-06 Day","27%,(Wait,10)","4%,(Wait,1)","8%,(Sell,3)"
"Set3","10-02 Day","POLYX",6,"10-07 Day","8%,(Wait,2)","3%,(Wait,1)","12%,(Wait,3)"
"Set3","10-02 Day","PONKE",1,"10-02 Day","31%,(Sell,16)","38%,(Wait,20)","67%,(Buy,35)"
"Set3","10-02 Day","PONKE",2,"10-03 Day","30%,(Sell,14)","33%,(Wait,12)","51%,(Wait,20)"
"Set3","10-02 Day","PONKE",3,"10-04 Day","28%,(Wait,10)","54%,(Wait,22)","63%,(Sell,17)"
"Set3","10-02 Day","PONKE",4,"10-05 Day","33%,(Wait,10)","39%,(Wait,14)","32%,(Wait,12)"
"Set3","10-02 Day","PONKE",5,"10-06 Day","14%,(Sell,5)","30%,(Wait,10)","15%,(Sell,6)"
"Set3","10-02 Day","PONKE",6,"10-07 Day","17%,(Sell,7)","15%,(Wait,5)","22%,(Wait,8)"
"Set3","10-02 Day","POPCAT",1,"10-02 Day","21%,(Sell,11)","56%,(Wait,29)","54%,(Wait,28)"
"Set3","10-02 Day","POPCAT",2,"10-03 Day","25%,(Sell,12)","69%,(Wait,25)","21%,(Wait,7)"
"Set3","10-02 Day","POPCAT",3,"10-04 Day","20%,(Sell,8)","8%,(Wait,2)","6%,(Sell,2)"
"Set3","10-02 Day","POPCAT",4,"10-05 Day","13%,(Wait,3)","3%,(Wait,1)","13%,(Wait,4)"
"Set3","10-02 Day","POPCAT",5,"10-06 Day","20%,(Sell,4)","3%,(Wait,1)","6%,(Sell,1)"
"Set3","10-02 Day","POPCAT",6,"10-07 Day","14%,(Sell,3)","0%,(Wait,0)","11%,(Sell,2)"
"Set3","10-02 Day","POWR",1,"10-02 Day","59%,(Buy,30)","62%,(Wait,29)","61%,(Buy,30)"
"Set3","10-02 Day","POWR",2,"10-03 Day","70%,(Wait,26)","54%,(Sell,13)","26%,(Wait,10)"
"Set3","10-02 Day","POWR",3,"10-04 Day","53%,(Sell,16)","71%,(Wait,27)","50%,(Sell,11)"
"Set3","10-02 Day","POWR",4,"10-05 Day","46%,(Sell,12)","86%,(Wait,24)","68%,(Sell,19)"
"Set3","10-02 Day","POWR",5,"10-06 Day","37%,(Sell,7)","73%,(Sell,19)","79%,(Wait,26)"
"Set3","10-02 Day","POWR",6,"10-07 Day","41%,(Sell,9)","75%,(Wait,24)","29%,(Sell,7)"
"Set3","10-02 Day","PRL",1,"10-02 Day","35%,(Sell,17)","40%,(Wait,21)","29%,(Sell,15)"
"Set3","10-02 Day","PRL",2,"10-03 Day","28%,(Wait,8)","47%,(Wait,23)","13%,(Wait,3)"
"Set3","10-02 Day","PRL",3,"10-04 Day","60%,(Sell,12)","53%,(Sell,18)","29%,(Sell,7)"
"Set3","10-02 Day","PRL",4,"10-05 Day","25%,(Sell,5)","50%,(Sell,12)","38%,(Wait,13)"
"Set3","10-02 Day","PRL",5,"10-06 Day","50%,(Sell,7)","60%,(Sell,18)","36%,(Wait,13)"
"Set3","10-02 Day","PRL",6,"10-07 Day","42%,(Sell,5)","70%,(Sell,14)","22%,(Wait,6)"
"Set3","10-02 Day","PROMPT",1,"10-03 Day","29%,(Sell,15)","37%,(Sell,18)","45%,(Wait,23)"
"Set3","10-02 Day","PROMPT",2,"10-04 Day","27%,(Wait,9)","46%,(Wait,19)","50%,(Wait,21)"
"Set3","10-02 Day","PROMPT",3,"10-05 Day","42%,(Sell,13)","26%,(Wait,8)","37%,(Wait,14)"
"Set3","10-02 Day","PROMPT",4,"10-06 Day","31%,(Wait,9)","20%,(Sell,8)","33%,(Sell,8)"
"Set3","10-02 Day","PROMPT",5,"10-07 Day","62%,(Sell,8)","12%,(Wait,3)","19%,(Wait,5)"
"Set3","10-02 Day","PROMPT",6,"10-08 Day","30%,(Sell,3)","22%,(Sell,4)","14%,(Sell,3)"
"Set3","10-02 Day","PROS",1,"10-03 Day","22%,(Sell,11)","17%,(Sell,9)","12%,(Sell,5)"
"Set3","10-02 Day","PROS",2,"10-04 Day","17%,(Sell,7)","3%,(Sell,1)","6%,(Sell,2)"
"Set3","10-02 Day","PROS",3,"10-05 Day","6%,(Sell,2)","8%,(Sell,3)","3%,(Sell,1)"
"Set3","10-02 Day","PROS",4,"10-06 Day","9%,(Wait,3)","19%,(Wait,7)","10%,(Sell,2)"
"Set3","10-02 Day","PROS",5,"10-07 Day","32%,(Sell,8)","31%,(Wait,9)","8%,(Sell,1)"
"Set3","10-02 Day","PROS",6,"10-08 Day","0%,(Sell,0)","0%,(Sell,0)","0%,(Sell,0)"
"Set3","10-02 Day","PROVE",1,"10-02 Day","33%,(Sell,17)","52%,(Wait,26)","41%,(Wait,21)"
"Set3","10-02 Day","PROVE",2,"10-03 Day","34%,(Wait,13)","55%,(Sell,18)","31%,(Sell,8)"
"Set3","10-02 Day","PROVE",3,"10-04 Day","35%,(Wait,13)","27%,(Sell,4)","35%,(Sell,8)"
"Set3","10-02 Day","PROVE",4,"10-05 Day","31%,(Wait,12)","11%,(Sell,2)","28%,(Wait,8)"
"Set3","10-02 Day","PROVE",5,"10-06 Day","39%,(Wait,15)","0%,(Wait,0)","33%,(Wait,13)"
"Set3","10-02 Day","PROVE",6,"10-07 Day","38%,(Wait,14)","0%,(Sell,0)","41%,(Wait,14)"
"Set3","10-02 Day","PUFFER",1,"10-02 Day","32%,(Sell,16)","31%,(Sell,16)","54%,(Wait,28)"
"Set3","10-02 Day","PUFFER",2,"10-03 Day","23%,(Wait,8)","34%,(Wait,15)","50%,(Sell,13)"
"Set3","10-02 Day","PUFFER",3,"10-04 Day","30%,(Wait,9)","39%,(Wait,14)","21%,(Wait,6)"
"Set3","10-02 Day","PUFFER",4,"10-05 Day","30%,(Wait,10)","36%,(Wait,13)","53%,(Sell,9)"
"Set3","10-02 Day","PUFFER",5,"10-06 Day","20%,(Wait,6)","16%,(Sell,3)","39%,(Wait,13)"
"Set3","10-02 Day","PUFFER",6,"10-07 Day","29%,(Sell,7)","35%,(Sell,7)","42%,(Sell,5)"
"Set3","10-02 Day","PUMP",1,"10-02 Day","25%,(Sell,13)","10%,(Sell,5)","31%,(Sell,16)"
"Set3","10-02 Day","PUMP",2,"10-03 Day","20%,(Sell,9)","2%,(Sell,1)","22%,(Sell,9)"
"Set3","10-02 Day","PUMP",3,"10-04 Day","13%,(Sell,6)","19%,(Wait,7)","3%,(Sell,1)"
"Set3","10-02 Day","PUMP",4,"10-05 Day","5%,(Sell,2)","4%,(Wait,1)","4%,(Wait,1)"
"Set3","10-02 Day","PUMP",5,"10-06 Day","3%,(Sell,1)","15%,(Sell,6)","0%,(Wait,0)"
"Set3","10-02 Day","PUMP",6,"10-07 Day","5%,(Sell,1)","17%,(Sell,7)","14%,(Sell,2)"
"Set3","10-02 Day","PUMPBTC",1,"10-03 Day","54%,(Wait,26)","42%,(Wait,22)","42%,(Wait,22)"
"Set3","10-02 Day","PUMPBTC",2,"10-04 Day","53%,(Wait,20)","40%,(Wait,19)","68%,(Sell,19)"
"Set3","10-02 Day","PUMPBTC",3,"10-05 Day","62%,(Wait,25)","57%,(Sell,17)","95%,(Buy,41)"
"Set3","10-02 Day","PUMPBTC",4,"10-06 Day","71%,(Wait,27)","20%,(Sell,4)","90%,(Buy,35)"
"Set3","10-02 Day","PUMPBTC",5,"10-07 Day","91%,(Wait,29)","80%,(Sell,16)","87%,(Sell,13)"
"Set3","10-02 Day","PUMPBTC",6,"10-08 Day","68%,(Sell,13)","93%,(Wait,25)","88%,(Sell,15)"
"Set3","10-02 Day","PUNDIX",1,"10-02 Day","37%,(Sell,19)","35%,(Sell,16)","48%,(Wait,25)"
"Set3","10-02 Day","PUNDIX",2,"10-03 Day","57%,(Sell,16)","43%,(Wait,19)","50%,(Wait,20)"
"Set3","10-02 Day","PUNDIX",3,"10-04 Day","43%,(Sell,9)","19%,(Wait,6)","35%,(Sell,8)"
"Set3","10-02 Day","PUNDIX",4,"10-05 Day","31%,(Sell,5)","27%,(Sell,7)","12%,(Wait,3)"
"Set3","10-02 Day","PUNDIX",5,"10-06 Day","39%,(Sell,9)","22%,(Wait,7)","19%,(Wait,5)"
"Set3","10-02 Day","PUNDIX",6,"10-07 Day","73%,(Sell,16)","33%,(Sell,8)","13%,(Wait,3)"
"Set3","10-02 Day","PYR",1,"10-03 Day","29%,(Sell,15)","48%,(Wait,25)","22%,(Sell,11)"
"Set3","10-02 Day","PYR",2,"10-04 Day","15%,(Wait,4)","36%,(Sell,18)","47%,(Sell,14)"
"Set3","10-02 Day","PYR",3,"10-05 Day","16%,(Wait,5)","8%,(Sell,3)","44%,(Sell,14)"
"Set3","10-02 Day","PYR",4,"10-06 Day","45%,(Sell,10)","35%,(Wait,13)","22%,(Wait,8)"
"Set3","10-02 Day","PYR",5,"10-07 Day","46%,(Sell,16)","75%,(Sell,15)","16%,(Wait,5)"
"Set3","10-02 Day","PYR",6,"10-08 Day","52%,(Sell,17)","9%,(Wait,2)","18%,(Wait,6)"
"Set3","10-02 Day","PYTH",1,"10-02 Day","25%,(Sell,13)","46%,(Wait,24)","13%,(Sell,7)"
"Set3","10-02 Day","PYTH",2,"10-03 Day","14%,(Wait,4)","17%,(Sell,8)","30%,(Sell,14)"
"Set3","10-02 Day","PYTH",3,"10-04 Day","22%,(Sell,4)","18%,(Sell,9)","58%,(Sell,11)"
"Set3","10-02 Day","PYTH",4,"10-05 Day","29%,(Sell,4)","11%,(Sell,4)","92%,(Sell,11)"
"Set3","10-02 Day","PYTH",5,"10-06 Day","44%,(Sell,4)","10%,(Sell,2)","46%,(Sell,6)"
"Set3","10-02 Day","PYTH",6,"10-07 Day","33%,(Sell,2)","0%,(Sell,0)","40%,(Sell,4)"
"Set3","10-02 Day","QKC",1,"10-03 Day","25%,(Sell,13)","51%,(Wait,25)","33%,(Sell,17)"
"Set3","10-02 Day","QKC",2,"10-04 Day","31%,(Sell,15)","58%,(Wait,22)","38%,(Wait,17)"
"Set3","10-02 Day","QKC",3,"10-05 Day","33%,(Wait,14)","39%,(Wait,13)","40%,(Wait,17)"
"Set3","10-02 Day","QKC",4,"10-06 Day","22%,(Wait,8)","42%,(Sell,8)","10%,(Sell,4)"
"Set3","10-02 Day","QKC",5,"10-07 Day","18%,(Sell,7)","66%,(Sell,19)","5%,(Sell,2)"
"Set3","10-02 Day","QKC",6,"10-08 Day","16%,(Wait,5)","65%,(Sell,13)","3%,(Wait,1)"
"Set3","10-02 Day","QTUM",1,"10-03 Day","44%,(Wait,23)","42%,(Wait,22)","29%,(Sell,15)"
"Set3","10-02 Day","QTUM",2,"10-04 Day","24%,(Wait,9)","52%,(Sell,17)","29%,(Wait,10)"
"Set3","10-02 Day","QTUM",3,"10-05 Day","22%,(Sell,9)","42%,(Wait,17)","12%,(Sell,4)"
"Set3","10-02 Day","QTUM",4,"10-06 Day","16%,(Wait,4)","73%,(Sell,19)","3%,(Wait,1)"
"Set3","10-02 Day","QTUM",5,"10-07 Day","60%,(Sell,6)","50%,(Sell,11)","30%,(Sell,6)"
"Set3","10-02 Day","QTUM",6,"10-08 Day","71%,(Sell,12)","50%,(Sell,11)","47%,(Sell,8)"
"Set3","10-02 Day","RAD",1,"10-03 Day","35%,(Sell,18)","58%,(Buy,30)","12%,(Sell,6)"
"Set3","10-02 Day","RAD",2,"10-04 Day","10%,(Wait,3)","68%,(Wait,26)","3%,(Wait,1)"
"Set3","10-02 Day","RAD",3,"10-05 Day","17%,(Sell,6)","44%,(Sell,14)","36%,(Sell,5)"
"Set3","10-02 Day","RAD",4,"10-06 Day","10%,(Wait,3)","6%,(Sell,1)","0%,(Sell,0)"
"Set3","10-02 Day","RAD",5,"10-07 Day","6%,(Sell,2)","91%,(Sell,10)","28%,(Sell,5)"
"Set3","10-02 Day","RAD",6,"10-08 Day","7%,(Wait,2)","78%,(Sell,18)","50%,(Sell,10)"
"Set3","10-02 Day","RAY",1,"10-03 Day","44%,(Wait,23)","50%,(Wait,26)","66%,(Buy,33)"
"Set3","10-02 Day","RAY",2,"10-04 Day","38%,(Wait,12)","60%,(Wait,21)","38%,(Wait,15)"
"Set3","10-02 Day","RAY",3,"10-05 Day","59%,(Sell,17)","67%,(Wait,20)","19%,(Wait,7)"
"Set3","10-02 Day","RAY",4,"10-06 Day","38%,(Sell,9)","60%,(Wait,24)","18%,(Wait,6)"
"Set3","10-02 Day","RAY",5,"10-07 Day","41%,(Wait,17)","71%,(Wait,29)","23%,(Wait,7)"
"Set3","10-02 Day","RAY",6,"10-08 Day","45%,(Sell,15)","78%,(Wait,28)","56%,(Sell,10)"
"Set3","10-02 Day","RECALL",1,"10-02 Day","19%,(Sell,10)","30%,(Sell,14)","22%,(Sell,11)"
"Set3","10-02 Day","RECALL",2,"10-03 Day","26%,(Wait,9)","30%,(Sell,13)","18%,(Sell,8)"
"Set3","10-02 Day","RECALL",3,"10-04 Day","23%,(Sell,5)","43%,(Sell,12)","21%,(Sell,3)"
"Set3","10-02 Day","RECALL",4,"10-05 Day","44%,(Sell,7)","57%,(Sell,17)","47%,(Sell,9)"
"Set3","10-02 Day","RECALL",5,"10-06 Day","47%,(Sell,16)","62%,(Sell,16)","48%,(Sell,15)"
"Set3","10-02 Day","RECALL",6,"10-07 Day","71%,(Sell,15)","81%,(Sell,17)","52%,(Sell,14)"
"Set3","10-02 Day","RED",1,"10-02 Day","31%,(Sell,16)","19%,(Sell,10)","27%,(Sell,14)"
"Set3","10-02 Day","RED",2,"10-03 Day","36%,(Sell,17)","38%,(Wait,20)","8%,(Wait,2)"
"Set3","10-02 Day","RED",3,"10-04 Day","23%,(Wait,6)","42%,(Wait,16)","18%,(Sell,2)"
"Set3","10-02 Day","RED",4,"10-05 Day","17%,(Sell,6)","0%,(Wait,0)","36%,(Sell,9)"
"Set3","10-02 Day","RED",5,"10-06 Day","0%,(Sell,0)","4%,(Wait,1)","32%,(Sell,7)"
"Set3","10-02 Day","RED",6,"10-07 Day","0%,(Wait,0)","50%,(Sell,19)","14%,(Sell,2)"
"Set3","10-02 Day","REI",1,"10-02 Day","63%,(Buy,33)","40%,(Wait,21)","60%,(Buy,31)"
"Set3","10-02 Day","REI",2,"10-03 Day","70%,(Wait,23)","40%,(Wait,14)","41%,(Wait,18)"
"Set3","10-02 Day","REI",3,"10-04 Day","38%,(Wait,12)","29%,(Sell,5)","26%,(Wait,10)"
"Set3","10-02 Day","REI",4,"10-05 Day","56%,(Sell,10)","50%,(Sell,10)","45%,(Sell,14)"
"Set3","10-02 Day","REI",5,"10-06 Day","6%,(Sell,2)","27%,(Sell,6)","58%,(Sell,18)"
"Set3","10-02 Day","REI",6,"10-07 Day","6%,(Sell,2)","25%,(Wait,7)","58%,(Wait,23)"
"Set3","10-02 Day","RENDER",1,"10-02 Day","46%,(Wait,24)","42%,(Wait,22)","65%,(Wait,28)"
"Set3","10-02 Day","RENDER",2,"10-03 Day","28%,(Wait,9)","43%,(Sell,10)","33%,(Sell,8)"
"Set3","10-02 Day","RENDER",3,"10-04 Day","11%,(Wait,3)","18%,(Wait,5)","0%,(Wait,0)"
"Set3","10-02 Day","RENDER",4,"10-05 Day","44%,(Wait,16)","16%,(Wait,5)","14%,(Sell,3)"
"Set3","10-02 Day","RENDER",5,"10-06 Day","44%,(Sell,14)","11%,(Wait,3)","59%,(Sell,13)"
"Set3","10-02 Day","RENDER",6,"10-07 Day","67%,(Sell,18)","43%,(Wait,15)","60%,(Sell,15)"
"Set3","10-02 Day","REQ",1,"10-02 Day","73%,(Buy,36)","49%,(Wait,21)","63%,(Wait,29)"
"Set3","10-02 Day","REQ",2,"10-03 Day","28%,(Sell,7)","58%,(Wait,21)","44%,(Wait,19)"
"Set3","10-02 Day","REQ",3,"10-04 Day","52%,(Sell,11)","27%,(Sell,7)","26%,(Wait,10)"
"Set3","10-02 Day","REQ",4,"10-05 Day","71%,(Wait,22)","25%,(Sell,2)","26%,(Wait,9)"
"Set3","10-02 Day","REQ",5,"10-06 Day","57%,(Sell,12)","7%,(Wait,2)","48%,(Sell,13)"
"Set3","10-02 Day","REQ",6,"10-07 Day","45%,(Sell,13)","21%,(Sell,8)","55%,(Sell,12)"
"Set3","10-02 Day","REZ",1,"10-02 Day","52%,(Wait,27)","33%,(Sell,17)","45%,(Wait,23)"
"Set3","10-02 Day","REZ",2,"10-03 Day","44%,(Wait,19)","21%,(Wait,7)","21%,(Sell,9)"
"Set3","10-02 Day","REZ",3,"10-04 Day","33%,(Wait,13)","11%,(Wait,3)","12%,(Sell,5)"
"Set3","10-02 Day","REZ",4,"10-05 Day","0%,(Wait,0)","23%,(Sell,3)","10%,(Wait,3)"
"Set3","10-02 Day","REZ",5,"10-06 Day","13%,(Sell,2)","29%,(Wait,11)","5%,(Sell,1)"
"Set3","10-02 Day","REZ",6,"10-07 Day","52%,(Sell,12)","4%,(Wait,1)","19%,(Wait,5)"
"Set3","10-02 Day","RLC",1,"10-02 Day","10%,(Sell,5)","58%,(Buy,30)","31%,(Sell,16)"
"Set3","10-02 Day","RLC",2,"10-03 Day","8%,(Sell,4)","38%,(Wait,15)","15%,(Sell,7)"
"Set3","10-02 Day","RLC",3,"10-04 Day","10%,(Sell,5)","24%,(Sell,11)","12%,(Sell,5)"
"Set3","10-02 Day","RLC",4,"10-05 Day","26%,(Wait,9)","37%,(Wait,15)","6%,(Wait,2)"
"Set3","10-02 Day","RLC",5,"10-06 Day","12%,(Wait,3)","42%,(Sell,14)","12%,(Wait,4)"
"Set3","10-02 Day","RLC",6,"10-07 Day","13%,(Wait,4)","7%,(Wait,2)","19%,(Sell,4)"
"Set3","10-02 Day","ROA",1,"10-02 Day","56%,(Wait,28)","60%,(Buy,31)","65%,(Buy,33)"
"Set3","10-02 Day","ROA",2,"10-03 Day","34%,(Sell,10)","66%,(Wait,23)","64%,(Wait,29)"
"Set3","10-02 Day","ROA",3,"10-04 Day","11%,(Wait,3)","56%,(Sell,15)","70%,(Sell,14)"
"Set3","10-02 Day","ROA",4,"10-05 Day","18%,(Wait,6)","45%,(Sell,10)","25%,(Sell,5)"
"Set3","10-02 Day","ROA",5,"10-06 Day","32%,(Wait,12)","62%,(Sell,16)","67%,(Sell,14)"
"Set3","10-02 Day","ROA",6,"10-07 Day","21%,(Wait,6)","59%,(Sell,13)","79%,(Wait,22)"
"Set3","10-02 Day","ROBO",1,"10-03 Day","38%,(Wait,20)","33%,(Sell,17)","67%,(Buy,35)"
"Set3","10-02 Day","ROBO",2,"10-04 Day","55%,(Wait,23)","40%,(Wait,18)","56%,(Wait,24)"
"Set3","10-02 Day","ROBO",3,"10-05 Day","62%,(Sell,15)","54%,(Sell,13)","67%,(Wait,22)"
"Set3","10-02 Day","ROBO",4,"10-06 Day","80%,(Sell,12)","50%,(Sell,5)","58%,(Wait,25)"
"Set3","10-02 Day","ROBO",5,"10-07 Day","44%,(Sell,7)","36%,(Sell,5)","32%,(Sell,14)"
"Set3","10-02 Day","ROBO",6,"10-08 Day","21%,(Wait,6)","13%,(Wait,3)","12%,(Wait,4)"
"Set3","10-02 Day","RON",1,"10-03 Day","33%,(Sell,17)","64%,(Buy,32)","48%,(Wait,25)"
"Set3","10-02 Day","RON",2,"10-04 Day","5%,(Sell,2)","47%,(Sell,15)","47%,(Sell,14)"
"Set3","10-02 Day","RON",3,"10-05 Day","0%,(Sell,0)","25%,(Wait,8)","39%,(Wait,14)"
"Set3","10-02 Day","RON",4,"10-06 Day","0%,(Wait,0)","38%,(Wait,12)","31%,(Wait,10)"
"Set3","10-02 Day","RON",5,"10-07 Day","18%,(Sell,2)","0%,(Wait,0)","22%,(Sell,4)"
"Set3","10-02 Day","RON",6,"10-08 Day","53%,(Sell,10)","17%,(Sell,3)","10%,(Sell,2)"
"Set3","10-02 Day","RPL",1,"10-02 Day","29%,(Sell,15)","29%,(Sell,15)","25%,(Sell,13)"
"Set3","10-02 Day","RPL",2,"10-03 Day","68%,(Wait,21)","53%,(Wait,20)","37%,(Wait,16)"
"Set3","10-02 Day","RPL",3,"10-04 Day","41%,(Sell,12)","34%,(Wait,14)","23%,(Sell,5)"
"Set3","10-02 Day","RPL",4,"10-05 Day","71%,(Sell,10)","33%,(Sell,8)","69%,(Sell,9)"
"Set3","10-02 Day","RPL",5,"10-06 Day","61%,(Sell,17)","62%,(Sell,13)","35%,(Wait,11)"
"Set3","10-02 Day","RPL",6,"10-07 Day","53%,(Sell,17)","100%,(Sell,10)","55%,(Sell,16)"
"Set3","10-02 Day","RSR",1,"10-02 Day","25%,(Sell,13)","29%,(Sell,15)","13%,(Sell,7)"
"Set3","10-02 Day","RSR",2,"10-03 Day","42%,(Wait,16)","18%,(Sell,8)","20%,(Sell,8)"
"Set3","10-02 Day","RSR",3,"10-04 Day","38%,(Sell,8)","15%,(Sell,6)","44%,(Sell,12)"
"Set3","10-02 Day","RSR",4,"10-05 Day","71%,(Sell,5)","12%,(Wait,3)","31%,(Sell,5)"
"Set3","10-02 Day","RSR",5,"10-06 Day","31%,(Sell,4)","11%,(Sell,2)","42%,(Sell,11)"
"Set3","10-02 Day","RSR",6,"10-07 Day","33%,(Sell,7)","14%,(Wait,4)","40%,(Sell,12)"
"Set3","10-02 Day","RSS3",1,"10-02 Day","58%,(Buy,30)","34%,(Sell,17)","48%,(Wait,24)"
"Set3","10-02 Day","RSS3",2,"10-03 Day","74%,(Wait,23)","72%,(Buy,33)","33%,(Sell,9)"
"Set3","10-02 Day","RSS3",3,"10-04 Day","68%,(Sell,19)","95%,(Sell,18)","38%,(Wait,15)"
"Set3","10-02 Day","RSS3",4,"10-05 Day","50%,(Sell,13)","64%,(Sell,14)","37%,(Sell,11)"
"Set3","10-02 Day","RSS3",5,"10-06 Day","42%,(Sell,11)","50%,(Sell,14)","19%,(Wait,5)"
"Set3","10-02 Day","RSS3",6,"10-07 Day","30%,(Sell,8)","8%,(Wait,2)","11%,(Sell,2)"
"Set3","10-02 Day","RVN",1,"10-03 Day","35%,(Sell,18)","42%,(Wait,22)","19%,(Sell,10)"
"Set3","10-02 Day","RVN",2,"10-04 Day","42%,(Sell,14)","38%,(Wait,15)","28%,(Wait,9)"
"Set3","10-02 Day","RVN",3,"10-05 Day","15%,(Wait,4)","39%,(Sell,7)","35%,(Wait,13)"
"Set3","10-02 Day","RVN",4,"10-06 Day","15%,(Wait,5)","40%,(Sell,10)","5%,(Sell,1)"
"Set3","10-02 Day","RVN",5,"10-07 Day","21%,(Wait,6)","36%,(Sell,8)","24%,(Wait,8)"
"Set3","10-02 Day","RVN",6,"10-08 Day","24%,(Wait,7)","61%,(Sell,11)","41%,(Sell,13)"
"Set3","10-02 Day","S",1,"10-03 Day","81%,(Buy,42)","38%,(Wait,20)","40%,(Wait,21)"
"Set3","10-02 Day","S",2,"10-04 Day","66%,(Wait,25)","29%,(Wait,10)","38%,(Wait,15)"
"Set3","10-02 Day","S",3,"10-05 Day","66%,(Wait,23)","32%,(Wait,12)","23%,(Wait,8)"
"Set3","10-02 Day","S",4,"10-06 Day","61%,(Sell,17)","39%,(Wait,13)","16%,(Wait,5)"
"Set3","10-02 Day","S",5,"10-07 Day","38%,(Wait,14)","55%,(Wait,21)","23%,(Sell,5)"
"Set3","10-02 Day","S",6,"10-08 Day","37%,(Sell,7)","55%,(Sell,11)","50%,(Sell,9)"
"Set3","10-02 Day","SAFE",1,"10-02 Day","12%,(Sell,6)","10%,(Sell,5)","22%,(Sell,11)"
"Set3","10-02 Day","SAFE",2,"10-03 Day","30%,(Sell,14)","2%,(Sell,1)","11%,(Sell,4)"
"Set3","10-02 Day","SAFE",3,"10-04 Day","32%,(Wait,12)","31%,(Wait,10)","26%,(Wait,10)"
"Set3","10-02 Day","SAFE",4,"10-05 Day","18%,(Sell,7)","40%,(Wait,14)","23%,(Wait,7)"
"Set3","10-02 Day","SAFE",5,"10-06 Day","6%,(Sell,2)","7%,(Wait,2)","10%,(Sell,2)"
"Set3","10-02 Day","SAFE",6,"10-07 Day","9%,(Sell,3)","3%,(Sell,1)","20%,(Sell,3)"
"Set3","10-02 Day","SAHARA",1,"10-03 Day","31%,(Sell,16)","40%,(Wait,21)","33%,(Sell,16)"
"Set3","10-02 Day","SAHARA",2,"10-04 Day","40%,(Wait,19)","26%,(Sell,12)","24%,(Sell,12)"
"Set3","10-02 Day","SAHARA",3,"10-05 Day","29%,(Sell,12)","20%,(Sell,9)","38%,(Wait,13)"
"Set3","10-02 Day","SAHARA",4,"10-06 Day","12%,(Wait,3)","12%,(Sell,5)","55%,(Sell,12)"
"Set3","10-02 Day","SAHARA",5,"10-07 Day","17%,(Wait,5)","17%,(Wait,6)","36%,(Sell,5)"
"Set3","10-02 Day","SAHARA",6,"10-08 Day","44%,(Sell,14)","19%,(Wait,5)","40%,(Sell,4)"
"Set3","10-02 Day","SAND",1,"10-02 Day","23%,(Sell,12)","38%,(Wait,20)","46%,(Wait,21)"
"Set3","10-02 Day","SAND",2,"10-03 Day","25%,(Sell,10)","7%,(Sell,3)","39%,(Wait,14)"
"Set3","10-02 Day","SAND",3,"10-04 Day","6%,(Sell,2)","11%,(Sell,5)","16%,(Sell,6)"
"Set3","10-02 Day","SAND",4,"10-05 Day","30%,(Wait,9)","32%,(Wait,13)","3%,(Sell,1)"
"Set3","10-02 Day","SAND",5,"10-06 Day","23%,(Wait,7)","33%,(Wait,12)","15%,(Sell,3)"
"Set3","10-02 Day","SAND",6,"10-07 Day","25%,(Sell,3)","38%,(Sell,9)","14%,(Sell,1)"
"Set3","10-02 Day","SAPIEN",1,"10-02 Day","46%,(Wait,24)","58%,(Buy,30)","48%,(Wait,21)"
"Set3","10-02 Day","SAPIEN",2,"10-03 Day","31%,(Wait,11)","56%,(Sell,19)","20%,(Wait,6)"
"Set3","10-02 Day","SAPIEN",3,"10-04 Day","22%,(Sell,4)","75%,(Sell,15)","33%,(Sell,8)"
"Set3","10-02 Day","SAPIEN",4,"10-05 Day","39%,(Wait,14)","60%,(Sell,15)","25%,(Sell,6)"
"Set3","10-02 Day","SAPIEN",5,"10-06 Day","19%,(Wait,5)","48%,(Sell,11)","9%,(Sell,3)"
"Set3","10-02 Day","SAPIEN",6,"10-07 Day","8%,(Wait,2)","35%,(Sell,8)","10%,(Wait,3)"
"Set3","10-02 Day","SC",1,"10-02 Day","29%,(Sell,15)","40%,(Wait,21)","46%,(Wait,24)"
"Set3","10-02 Day","SC",2,"10-03 Day","13%,(Wait,4)","44%,(Wait,20)","24%,(Wait,8)"
"Set3","10-02 Day","SC",3,"10-04 Day","44%,(Sell,7)","46%,(Sell,13)","32%,(Sell,6)"
"Set3","10-02 Day","SC",4,"10-05 Day","29%,(Sell,5)","21%,(Sell,3)","26%,(Sell,6)"
"Set3","10-02 Day","SC",5,"10-06 Day","4%,(Wait,1)","17%,(Sell,2)","6%,(Wait,2)"
"Set3","10-02 Day","SC",6,"10-07 Day","24%,(Sell,5)","6%,(Sell,1)","6%,(Sell,2)"
"Set3","10-02 Day","SCR",1,"10-02 Day","19%,(Sell,10)","13%,(Sell,7)","34%,(Sell,17)"
"Set3","10-02 Day","SCR",2,"10-03 Day","43%,(Wait,20)","26%,(Sell,11)","65%,(Buy,33)"
"Set3","10-02 Day","SCR",3,"10-04 Day","46%,(Wait,17)","55%,(Sell,17)","39%,(Wait,14)"
"Set3","10-02 Day","SCR",4,"10-05 Day","19%,(Wait,6)","17%,(Sell,4)","14%,(Sell,5)"
"Set3","10-02 Day","SCR",5,"10-06 Day","14%,(Sell,2)","14%,(Sell,3)","44%,(Sell,4)"
"Set3","10-02 Day","SCR",6,"10-07 Day","20%,(Wait,5)","5%,(Sell,1)","43%,(Sell,3)"
"Set3","10-02 Day","SD",1,"10-02 Day","37%,(Sell,19)","60%,(Wait,26)","51%,(Wait,26)"
"Set3","10-02 Day","SD",2,"10-03 Day","58%,(Wait,22)","29%,(Wait,12)","50%,(Sell,16)"
"Set3","10-02 Day","SD",3,"10-04 Day","69%,(Wait,22)","31%,(Sell,15)","40%,(Wait,14)"
"Set3","10-02 Day","SD",4,"10-05 Day","64%,(Sell,14)","11%,(Wait,3)","12%,(Sell,4)"
"Set3","10-02 Day","SD",5,"10-06 Day","17%,(Sell,3)","0%,(Sell,0)","16%,(Wait,5)"
"Set3","10-02 Day","SD",6,"10-07 Day","10%,(Sell,2)","50%,(Sell,9)","23%,(Sell,5)"
"Set3","10-02 Day","SEI",1,"10-03 Day","15%,(Sell,8)","48%,(Wait,25)","12%,(Sell,6)"
"Set3","10-02 Day","SEI",2,"10-04 Day","14%,(Sell,6)","29%,(Sell,14)","22%,(Sell,11)"
"Set3","10-02 Day","SEI",3,"10-05 Day","25%,(Wait,7)","39%,(Wait,13)","9%,(Sell,3)"
"Set3","10-02 Day","SEI",4,"10-06 Day","43%,(Sell,9)","35%,(Sell,6)","43%,(Sell,6)"
"Set3","10-02 Day","SEI",5,"10-07 Day","67%,(Sell,10)","40%,(Sell,10)","50%,(Sell,7)"
"Set3","10-02 Day","SEI",6,"10-08 Day","60%,(Sell,6)","42%,(Sell,10)","62%,(Sell,8)"
"Set3","10-02 Day","SENT",1,"10-02 Day","23%,(Sell,12)","13%,(Sell,7)","12%,(Sell,6)"
"Set3","10-02 Day","SENT",2,"10-03 Day","7%,(Sell,3)","5%,(Sell,2)","9%,(Sell,3)"
"Set3","10-02 Day","SENT",3,"10-04 Day","8%,(Sell,4)","10%,(Sell,4)","5%,(Sell,2)"
"Set3","10-02 Day","SENT",4,"10-05 Day","5%,(Sell,2)","12%,(Sell,4)","7%,(Sell,3)"
"Set3","10-02 Day","SENT",5,"10-06 Day","11%,(Sell,4)","15%,(Sell,6)","9%,(Wait,3)"
"Set3","10-02 Day","SENT",6,"10-07 Day","17%,(Wait,4)","20%,(Wait,7)","39%,(Sell,7)"
"Set3","10-02 Day","SFP",1,"10-02 Day","17%,(Sell,9)","37%,(Sell,19)","60%,(Buy,31)"
"Set3","10-02 Day","SFP",2,"10-03 Day","18%,(Sell,8)","48%,(Wait,21)","41%,(Sell,12)"
"Set3","10-02 Day","SFP",3,"10-04 Day","9%,(Wait,3)","43%,(Wait,16)","36%,(Wait,14)"
"Set3","10-02 Day","SFP",4,"10-05 Day","23%,(Sell,5)","70%,(Sell,14)","12%,(Wait,4)"
"Set3","10-02 Day","SFP",5,"10-06 Day","30%,(Sell,7)","54%,(Sell,15)","21%,(Wait,6)"
"Set3","10-02 Day","SFP",6,"10-07 Day","53%,(Sell,8)","69%,(Sell,9)","29%,(Sell,5)"
"Set3","10-02 Day","SHELL",1,"10-02 Day","47%,(Wait,22)","60%,(Buy,31)","76%,(Buy,38)"
"Set3","10-02 Day","SHELL",2,"10-03 Day","61%,(Sell,19)","55%,(Wait,23)","90%,(Sell,19)"
"Set3","10-02 Day","SHELL",3,"10-04 Day","65%,(Wait,20)","64%,(Wait,23)","90%,(Wait,27)"
"Set3","10-02 Day","SHELL",4,"10-05 Day","50%,(Wait,21)","62%,(Wait,21)","46%,(Wait,18)"
"Set3","10-02 Day","SHELL",5,"10-06 Day","39%,(Wait,17)","50%,(Wait,20)","33%,(Wait,10)"
"Set3","10-02 Day","SHELL",6,"10-07 Day","28%,(Wait,10)","46%,(Wait,18)","43%,(Sell,10)"
"Set3","10-02 Day","SHIB",1,"10-03 Day","48%,(Wait,24)","54%,(Wait,27)","24%,(Sell,12)"
"Set3","10-02 Day","SHIB",2,"10-04 Day","47%,(Sell,14)","32%,(Sell,8)","52%,(Wait,22)"
"Set3","10-02 Day","SHIB",3,"10-05 Day","0%,(Wait,0)","48%,(Sell,12)","11%,(Wait,3)"
"Set3","10-02 Day","SHIB",4,"10-06 Day","25%,(Sell,5)","11%,(Wait,3)","12%,(Sell,2)"
"Set3","10-02 Day","SHIB",5,"10-07 Day","59%,(Sell,10)","18%,(Wait,6)","36%,(Sell,4)"
"Set3","10-02 Day","SHIB",6,"10-08 Day","75%,(Sell,12)","10%,(Sell,1)","71%,(Sell,12)"
"Set3","10-02 Day","SIGN",1,"10-02 Day","27%,(Sell,14)","31%,(Sell,16)","16%,(Sell,7)"
"Set3","10-02 Day","SIGN",2,"10-03 Day","35%,(Wait,13)","21%,(Sell,9)","26%,(Wait,9)"
"Set3","10-02 Day","SIGN",3,"10-04 Day","54%,(Wait,22)","21%,(Sell,10)","28%,(Wait,9)"
"Set3","10-02 Day","SIGN",4,"10-05 Day","60%,(Wait,21)","19%,(Sell,8)","44%,(Wait,19)"
"Set3","10-02 Day","SIGN",5,"10-06 Day","73%,(Sell,19)","21%,(Wait,6)","45%,(Wait,19)"
"Set3","10-02 Day","SIGN",6,"10-07 Day","88%,(Wait,28)","54%,(Sell,15)","50%,(Wait,20)"
"Set3","10-02 Day","SIX",1,"10-02 Day","75%,(Buy,39)","37%,(Sell,19)","24%,(Sell,11)"
"Set3","10-02 Day","SIX",2,"10-03 Day","67%,(Wait,29)","25%,(Sell,5)","28%,(Wait,11)"
"Set3","10-02 Day","SIX",3,"10-04 Day","23%,(Wait,7)","43%,(Sell,12)","13%,(Wait,4)"
"Set3","10-02 Day","SIX",4,"10-05 Day","31%,(Wait,10)","50%,(Sell,12)","21%,(Sell,5)"
"Set3","10-02 Day","SIX",5,"10-06 Day","36%,(Sell,9)","13%,(Wait,3)","17%,(Sell,2)"
"Set3","10-02 Day","SIX",6,"10-07 Day","42%,(Sell,10)","32%,(Wait,10)","42%,(Sell,5)"
"Set3","10-02 Day","SKL",1,"10-02 Day","17%,(Sell,9)","8%,(Sell,4)","33%,(Sell,17)"
"Set3","10-02 Day","SKL",2,"10-03 Day","7%,(Sell,3)","4%,(Sell,2)","14%,(Sell,6)"
"Set3","10-02 Day","SKL",3,"10-04 Day","21%,(Wait,7)","40%,(Wait,18)","16%,(Wait,5)"
"Set3","10-02 Day","SKL",4,"10-05 Day","0%,(Sell,0)","14%,(Sell,5)","31%,(Wait,11)"
"Set3","10-02 Day","SKL",5,"10-06 Day","5%,(Sell,1)","20%,(Wait,5)","23%,(Wait,7)"
"Set3","10-02 Day","SKL",6,"10-07 Day","24%,(Wait,8)","64%,(Sell,7)","0%,(Sell,0)"
"Set3","10-02 Day","SKR",1,"10-02 Day","33%,(Sell,17)","63%,(Buy,32)","60%,(Buy,31)"
"Set3","10-02 Day","SKR",2,"10-03 Day","31%,(Wait,11)","15%,(Sell,6)","68%,(Wait,26)"
"Set3","10-02 Day","SKR",3,"10-04 Day","61%,(Wait,20)","47%,(Sell,16)","42%,(Sell,10)"
"Set3","10-02 Day","SKR",4,"10-05 Day","70%,(Sell,16)","38%,(Wait,12)","52%,(Sell,15)"
"Set3","10-02 Day","SKR",5,"10-06 Day","82%,(Sell,14)","56%,(Sell,5)","61%,(Sell,11)"
"Set3","10-02 Day","SKR",6,"10-07 Day","0%,(Sell,0)","82%,(Sell,9)","75%,(Sell,12)"
"Set3","10-02 Day","SKY",1,"10-02 Day","65%,(Buy,33)","40%,(Wait,21)","38%,(Sell,18)"
"Set3","10-02 Day","SKY",2,"10-03 Day","21%,(Sell,8)","44%,(Wait,16)","27%,(Sell,11)"
"Set3","10-02 Day","SKY",3,"10-04 Day","22%,(Sell,10)","7%,(Sell,3)","7%,(Wait,2)"
"Set3","10-02 Day","SKY",4,"10-05 Day","19%,(Wait,6)","25%,(Sell,11)","11%,(Wait,3)"
"Set3","10-02 Day","SKY",5,"10-06 Day","26%,(Wait,9)","7%,(Sell,3)","26%,(Wait,7)"
"Set3","10-02 Day","SKY",6,"10-07 Day","29%,(Wait,10)","26%,(Sell,6)","26%,(Wait,7)"
"Set3","10-02 Day","SLX",1,"10-02 Day","29%,(Sell,15)","10%,(Sell,5)","19%,(Sell,10)"
"Set3","10-02 Day","SLX",2,"10-03 Day","14%,(Sell,5)","4%,(Sell,2)","16%,(Sell,7)"
"Set3","10-02 Day","SLX",3,"10-04 Day","12%,(Wait,3)","4%,(Sell,2)","15%,(Wait,5)"
"Set3","10-02 Day","SLX",4,"10-05 Day","4%,(Wait,1)","2%,(Sell,1)","0%,(Sell,0)"
"Set3","10-02 Day","SLX",5,"10-06 Day","3%,(Wait,1)","5%,(Sell,2)","10%,(Sell,2)"
"Set3","10-02 Day","SLX",6,"10-07 Day","8%,(Sell,3)","0%,(Sell,0)","15%,(Wait,5)"
"Set3","10-02 Day","SNT",1,"10-02 Day","60%,(Wait,29)","44%,(Wait,23)","46%,(Wait,24)"
"Set3","10-02 Day","SNT",2,"10-03 Day","13%,(Sell,5)","62%,(Wait,24)","59%,(Sell,10)"
"Set3","10-02 Day","SNT",3,"10-04 Day","57%,(Sell,13)","46%,(Wait,17)","51%,(Sell,19)"
"Set3","10-02 Day","SNT",4,"10-05 Day","9%,(Wait,2)","58%,(Sell,18)","21%,(Wait,7)"
"Set3","10-02 Day","SNT",5,"10-06 Day","47%,(Sell,17)","64%,(Sell,18)","13%,(Wait,4)"
"Set3","10-02 Day","SNT",6,"10-07 Day","50%,(Sell,11)","73%,(Wait,22)","6%,(Sell,2)"
"Set3","10-02 Day","SNX",1,"09-28 Day","23%,(Sell,12)","67%,(Buy,33)","33%,(Sell,17)"
"Set3","10-02 Day","SNX",2,"09-29 Day","27%,(Sell,14)","63%,(Wait,27)","49%,(Wait,23)"
"Set3","10-02 Day","SNX",3,"09-30 Day","14%,(Wait,4)","50%,(Sell,16)","38%,(Wait,15)"
"Set3","10-02 Day","SNX",4,"10-01 Day","77%,(Wait,24)","45%,(Sell,13)","80%,(Wait,28)"
"Set3","10-02 Day","SNX",5,"10-02 Day","80%,(Wait,20)","38%,(Wait,13)","50%,(Sell,8)"
"Set3","10-02 Day","SNX",6,"10-03 Day","85%,(Sell,17)","4%,(Wait,1)","70%,(Sell,14)"
"Set3","10-02 Day","SOL",1,"10-03 Day","52%,(Wait,27)","19%,(Sell,10)","54%,(Wait,28)"
"Set3","10-02 Day","SOL",2,"10-04 Day","43%,(Wait,18)","17%,(Wait,6)","31%,(Wait,13)"
"Set3","10-02 Day","SOL",3,"10-05 Day","32%,(Wait,13)","30%,(Wait,10)","5%,(Sell,2)"
"Set3","10-02 Day","SOL",4,"10-06 Day","21%,(Wait,7)","41%,(Sell,13)","3%,(Sell,1)"
"Set3","10-02 Day","SOL",5,"10-07 Day","30%,(Sell,13)","22%,(Sell,5)","15%,(Wait,4)"
"Set3","10-02 Day","SOL",6,"10-08 Day","34%,(Wait,12)","19%,(Sell,4)","42%,(Sell,8)"
"Set3","10-02 Day","SOLV",1,"10-03 Day","37%,(Sell,19)","44%,(Wait,23)","39%,(Wait,20)"
"Set3","10-02 Day","SOLV",2,"10-04 Day","40%,(Wait,19)","30%,(Wait,11)","28%,(Wait,9)"
"Set3","10-02 Day","SOLV",3,"10-05 Day","26%,(Wait,9)","26%,(Wait,7)","13%,(Wait,4)"
"Set3","10-02 Day","SOLV",4,"10-06 Day","15%,(Wait,4)","4%,(Wait,1)","22%,(Sell,4)"
"Set3","10-02 Day","SOLV",5,"10-07 Day","48%,(Sell,12)","16%,(Wait,4)","7%,(Wait,2)"
"Set3","10-02 Day","SOLV",6,"10-08 Day","57%,(Sell,12)","26%,(Sell,6)","39%,(Sell,7)"
"Set3","10-02 Day","SOMI",1,"10-03 Day","15%,(Sell,7)","42%,(Wait,19)","23%,(Sell,12)"
"Set3","10-02 Day","SOMI",2,"10-04 Day","19%,(Sell,8)","28%,(Wait,8)","5%,(Sell,2)"
"Set3","10-02 Day","SOMI",3,"10-05 Day","4%,(Wait,1)","28%,(Sell,7)","0%,(Sell,0)"
"Set3","10-02 Day","SOMI",4,"10-06 Day","23%,(Wait,7)","28%,(Wait,9)","0%,(Sell,0)"
"Set3","10-02 Day","SOMI",5,"10-07 Day","13%,(Wait,3)","41%,(Sell,11)","3%,(Sell,1)"
"Set3","10-02 Day","SOMI",6,"10-08 Day","16%,(Wait,4)","35%,(Sell,6)","4%,(Wait,1)"
"Set3","10-02 Day","SONIC",1,"10-03 Day","58%,(Wait,28)","25%,(Sell,13)","38%,(Wait,20)"
"Set3","10-02 Day","SONIC",2,"10-04 Day","55%,(Wait,22)","46%,(Wait,19)","49%,(Sell,18)"
"Set3","10-02 Day","SONIC",3,"10-05 Day","29%,(Wait,9)","47%,(Sell,16)","47%,(Sell,16)"
"Set3","10-02 Day","SONIC",4,"10-06 Day","45%,(Sell,9)","67%,(Wait,22)","33%,(Wait,10)"
"Set3","10-02 Day","SONIC",5,"10-07 Day","10%,(Sell,2)","26%,(Sell,5)","27%,(Wait,9)"
"Set3","10-02 Day","SONIC",6,"10-08 Day","4%,(Wait,1)","31%,(Sell,5)","17%,(Wait,6)"
"Set3","10-02 Day","SOON",1,"10-03 Day","23%,(Sell,12)","2%,(Sell,1)","29%,(Sell,15)"
"Set3","10-02 Day","SOON",2,"10-04 Day","6%,(Sell,3)","20%,(Sell,10)","2%,(Sell,1)"
"Set3","10-02 Day","SOON",3,"10-05 Day","2%,(Sell,1)","0%,(Sell,0)","0%,(Sell,0)"
"Set3","10-02 Day","SOON",4,"10-06 Day","9%,(Sell,4)","3%,(Sell,1)","6%,(Sell,3)"
"Set3","10-02 Day","SOON",5,"10-07 Day","20%,(Sell,9)","0%,(Sell,0)","0%,(Sell,0)"
"Set3","10-02 Day","SOON",6,"10-08 Day","21%,(Wait,7)","16%,(Sell,3)","3%,(Sell,1)"
"Set3","10-02 Day","SOPH",1,"10-03 Day","46%,(Wait,24)","52%,(Wait,26)","48%,(Wait,24)"
"Set3","10-02 Day","SOPH",2,"10-04 Day","58%,(Wait,25)","28%,(Wait,11)","51%,(Sell,19)"
"Set3","10-02 Day","SOPH",3,"10-05 Day","61%,(Wait,22)","37%,(Wait,14)","50%,(Wait,20)"
"Set3","10-02 Day","SOPH",4,"10-06 Day","70%,(Wait,28)","73%,(Wait,24)","52%,(Wait,21)"
"Set3","10-02 Day","SOPH",5,"10-07 Day","61%,(Sell,14)","72%,(Sell,13)","51%,(Wait,20)"
"Set3","10-02 Day","SOPH",6,"10-08 Day","29%,(Sell,6)","57%,(Sell,4)","50%,(Sell,11)"
"Set3","10-02 Day","SPK",1,"10-02 Day","42%,(Wait,22)","52%,(Wait,27)","43%,(Wait,22)"
"Set3","10-02 Day","SPK",2,"10-03 Day","29%,(Sell,14)","58%,(Wait,26)","3%,(Sell,1)"
"Set3","10-02 Day","SPK",3,"10-04 Day","0%,(Sell,0)","33%,(Wait,14)","17%,(Wait,5)"
"Set3","10-02 Day","SPK",4,"10-05 Day","33%,(Sell,6)","0%,(Wait,0)","6%,(Sell,1)"
"Set3","10-02 Day","SPK",5,"10-06 Day","0%,(Sell,0)","0%,(Sell,0)","9%,(Wait,2)"
"Set3","10-02 Day","SPK",6,"10-07 Day","17%,(Sell,1)","10%,(Sell,2)","5%,(Wait,1)"
"Set3","10-02 Day","STABLE",1,"10-03 Day","23%,(Sell,12)","35%,(Sell,18)","40%,(Wait,21)"
"Set3","10-02 Day","STABLE",2,"10-04 Day","10%,(Sell,4)","16%,(Sell,6)","20%,(Sell,9)"
"Set3","10-02 Day","STABLE",3,"10-05 Day","0%,(Sell,0)","27%,(Wait,9)","0%,(Wait,0)"
"Set3","10-02 Day","STABLE",4,"10-06 Day","50%,(Sell,14)","42%,(Wait,16)","29%,(Sell,7)"
"Set3","10-02 Day","STABLE",5,"10-07 Day","37%,(Wait,13)","42%,(Sell,11)","44%,(Sell,7)"
"Set3","10-02 Day","STABLE",6,"10-08 Day","58%,(Sell,18)","71%,(Wait,20)","63%,(Sell,12)"
"Set3","10-02 Day","STAT",1,"10-02 Day","51%,(Wait,26)","58%,(Buy,30)","82%,(Buy,40)"
"Set3","10-02 Day","STAT",2,"10-03 Day","55%,(Wait,22)","56%,(Sell,18)","69%,(Wait,29)"
"Set3","10-02 Day","STAT",3,"10-04 Day","46%,(Sell,11)","55%,(Sell,18)","58%,(Sell,11)"
"Set3","10-02 Day","STAT",4,"10-05 Day","72%,(Wait,21)","58%,(Sell,14)","44%,(Sell,8)"
"Set3","10-02 Day","STAT",5,"10-06 Day","52%,(Sell,12)","24%,(Sell,6)","59%,(Sell,10)"
"Set3","10-02 Day","STAT",6,"10-07 Day","53%,(Sell,10)","38%,(Sell,5)","47%,(Sell,8)"
"Set3","10-02 Day","STEEM",1,"10-02 Day","57%,(Wait,29)","42%,(Wait,22)","38%,(Wait,20)"
"Set3","10-02 Day","STEEM",2,"10-03 Day","44%,(Sell,15)","54%,(Sell,19)","19%,(Wait,7)"
"Set3","10-02 Day","STEEM",3,"10-04 Day","41%,(Sell,12)","46%,(Wait,19)","11%,(Sell,4)"
"Set3","10-02 Day","STEEM",4,"10-05 Day","65%,(Sell,11)","46%,(Wait,17)","29%,(Sell,6)"
"Set3","10-02 Day","STEEM",5,"10-06 Day","42%,(Sell,10)","37%,(Sell,10)","33%,(Sell,7)"
"Set3","10-02 Day","STEEM",6,"10-07 Day","43%,(Sell,3)","6%,(Sell,1)","82%,(Sell,14)"
"Set3","10-02 Day","STRAX",1,"10-02 Day","79%,(Buy,41)","37%,(Sell,19)","23%,(Sell,12)"
"Set3","10-02 Day","STRAX",2,"10-03 Day","45%,(Wait,18)","36%,(Wait,13)","54%,(Wait,22)"
"Set3","10-02 Day","STRAX",3,"10-04 Day","14%,(Wait,4)","4%,(Wait,1)","16%,(Wait,4)"
"Set3","10-02 Day","STRAX",4,"10-05 Day","3%,(Wait,1)","6%,(Sell,2)","3%,(Sell,1)"
"Set3","10-02 Day","STRAX",5,"10-06 Day","22%,(Wait,6)","9%,(Sell,3)","3%,(Sell,1)"
"Set3","10-02 Day","STRAX",6,"10-07 Day","28%,(Wait,9)","7%,(Wait,2)","6%,(Sell,2)"
"Set3","10-02 Day","STRK",1,"10-03 Day","29%,(Sell,15)","23%,(Sell,12)","39%,(Wait,20)"
"Set3","10-02 Day","STRK",2,"10-04 Day","42%,(Wait,21)","43%,(Wait,15)","53%,(Wait,20)"
"Set3","10-02 Day","STRK",3,"10-05 Day","48%,(Sell,16)","53%,(Sell,8)","56%,(Wait,23)"
"Set3","10-02 Day","STRK",4,"10-06 Day","17%,(Sell,2)","72%,(Sell,18)","55%,(Sell,16)"
"Set3","10-02 Day","STRK",5,"10-07 Day","50%,(Sell,4)","30%,(Sell,3)","31%,(Sell,5)"
"Set3","10-02 Day","STRK",6,"10-08 Day","21%,(Wait,6)","15%,(Wait,4)","27%,(Sell,3)"
"Set3","10-02 Day","STX",1,"10-03 Day","38%,(Wait,20)","17%,(Sell,9)","44%,(Wait,23)"
"Set3","10-02 Day","STX",2,"10-04 Day","11%,(Sell,5)","15%,(Sell,7)","19%,(Sell,8)"
"Set3","10-02 Day","STX",3,"10-05 Day","2%,(Sell,1)","16%,(Sell,3)","28%,(Sell,12)"
"Set3","10-02 Day","STX",4,"10-06 Day","3%,(Sell,1)","18%,(Wait,5)","21%,(Sell,8)"
"Set3","10-02 Day","STX",5,"10-07 Day","0%,(Sell,0)","5%,(Sell,1)","12%,(Wait,3)"
"Set3","10-02 Day","STX",6,"10-08 Day","0%,(Sell,0)","36%,(Sell,4)","20%,(Sell,2)"
"Set3","10-02 Day","SUI",1,"10-03 Day","48%,(Wait,25)","15%,(Sell,8)","35%,(Sell,18)"
"Set3","10-02 Day","SUI",2,"10-04 Day","6%,(Sell,2)","21%,(Sell,9)","9%,(Sell,3)"
"Set3","10-02 Day","SUI",3,"10-05 Day","5%,(Sell,2)","29%,(Sell,13)","15%,(Wait,5)"
"Set3","10-02 Day","SUI",4,"10-06 Day","9%,(Wait,2)","12%,(Sell,5)","8%,(Wait,2)"
"Set3","10-02 Day","SUI",5,"10-07 Day","89%,(Sell,8)","44%,(Wait,16)","4%,(Wait,1)"
"Set3","10-02 Day","SUI",6,"10-08 Day","86%,(Sell,6)","72%,(Sell,13)","28%,(Sell,7)"
"Set3","10-02 Day","SUN",1,"10-02 Day","56%,(Wait,29)","48%,(Wait,24)","69%,(Buy,36)"
"Set3","10-02 Day","SUN",2,"10-03 Day","26%,(Wait,7)","49%,(Sell,17)","56%,(Wait,23)"
"Set3","10-02 Day","SUN",3,"10-04 Day","34%,(Wait,11)","46%,(Sell,11)","67%,(Wait,24)"
"Set3","10-02 Day","SUN",4,"10-05 Day","81%,(Sell,13)","53%,(Sell,9)","64%,(Sell,16)"
"Set3","10-02 Day","SUN",5,"10-06 Day","44%,(Sell,7)","68%,(Wait,26)","59%,(Sell,10)"
"Set3","10-02 Day","SUN",6,"10-07 Day","62%,(Sell,18)","71%,(Wait,20)","52%,(Sell,12)"
"Set3","10-02 Day","SUNDOG",1,"10-03 Day","58%,(Buy,30)","46%,(Wait,24)","57%,(Wait,28)"
"Set3","10-02 Day","SUNDOG",2,"10-04 Day","85%,(Buy,35)","33%,(Wait,14)","47%,(Sell,16)"
"Set3","10-02 Day","SUNDOG",3,"10-05 Day","81%,(Wait,26)","55%,(Wait,23)","37%,(Sell,10)"
"Set3","10-02 Day","SUNDOG",4,"10-06 Day","56%,(Sell,14)","47%,(Wait,18)","7%,(Wait,2)"
"Set3","10-02 Day","SUNDOG",5,"10-07 Day","25%,(Wait,9)","34%,(Wait,13)","3%,(Sell,1)"
"Set3","10-02 Day","SUNDOG",6,"10-08 Day","29%,(Wait,8)","48%,(Sell,16)","12%,(Sell,2)"
"Set3","10-02 Day","SUPER",1,"10-02 Day","27%,(Sell,12)","31%,(Sell,15)","16%,(Sell,8)"
"Set3","10-02 Day","SUPER",2,"10-03 Day","9%,(Sell,3)","16%,(Sell,6)","23%,(Sell,10)"
"Set3","10-02 Day","SUPER",3,"10-04 Day","19%,(Wait,7)","17%,(Sell,7)","22%,(Wait,7)"
"Set3","10-02 Day","SUPER",4,"10-05 Day","4%,(Wait,1)","17%,(Sell,6)","33%,(Sell,6)"
"Set3","10-02 Day","SUPER",5,"10-06 Day","16%,(Wait,4)","23%,(Sell,9)","32%,(Sell,6)"
"Set3","10-02 Day","SUPER",6,"10-07 Day","23%,(Wait,7)","24%,(Wait,7)","23%,(Sell,5)"
"Set3","10-02 Day","SUSHI",1,"10-03 Day","30%,(Sell,15)","54%,(Wait,28)","47%,(Wait,24)"
"Set3","10-02 Day","SUSHI",2,"10-04 Day","24%,(Wait,9)","11%,(Sell,4)","47%,(Sell,15)"
"Set3","10-02 Day","SUSHI",3,"10-05 Day","16%,(Sell,6)","37%,(Wait,14)","41%,(Sell,11)"
"Set3","10-02 Day","SUSHI",4,"10-06 Day","29%,(Wait,10)","15%,(Wait,4)","45%,(Sell,14)"
"Set3","10-02 Day","SUSHI",5,"10-07 Day","55%,(Sell,11)","30%,(Wait,10)","69%,(Wait,22)"
"Set3","10-02 Day","SUSHI",6,"10-08 Day","48%,(Sell,13)","0%,(Wait,0)","66%,(Wait,21)"
"Set3","10-02 Day","SWAP",1,"10-02 Day","35%,(Sell,17)","32%,(Sell,15)","64%,(Buy,32)"
"Set3","10-02 Day","SWAP",2,"10-03 Day","62%,(Buy,31)","48%,(Sell,15)","69%,(Sell,11)"
"Set3","10-02 Day","SWAP",3,"10-04 Day","62%,(Wait,20)","23%,(Sell,5)","62%,(Wait,25)"
"Set3","10-02 Day","SWAP",4,"10-05 Day","59%,(Sell,13)","29%,(Sell,4)","65%,(Wait,20)"
"Set3","10-02 Day","SWAP",5,"10-06 Day","47%,(Sell,14)","23%,(Wait,7)","73%,(Sell,16)"
"Set3","10-02 Day","SWAP",6,"10-07 Day","18%,(Sell,3)","47%,(Sell,9)","50%,(Sell,4)"
"Set3","10-02 Day","SWELL",1,"10-02 Day","40%,(Wait,21)","29%,(Sell,15)","40%,(Wait,21)"
"Set3","10-02 Day","SWELL",2,"10-03 Day","22%,(Sell,10)","37%,(Wait,14)","10%,(Wait,3)"
"Set3","10-02 Day","SWELL",3,"10-04 Day","0%,(Sell,0)","20%,(Wait,7)","7%,(Sell,3)"
"Set3","10-02 Day","SWELL",4,"10-05 Day","5%,(Sell,2)","18%,(Sell,8)","6%,(Sell,2)"
"Set3","10-02 Day","SWELL",5,"10-06 Day","0%,(Sell,0)","27%,(Sell,12)","33%,(Sell,7)"
"Set3","10-02 Day","SWELL",6,"10-07 Day","11%,(Sell,2)","48%,(Sell,13)","21%,(Sell,5)"
"Set3","10-02 Day","SXT",1,"10-02 Day","29%,(Sell,15)","62%,(Buy,32)","48%,(Wait,25)"
"Set3","10-02 Day","SXT",2,"10-03 Day","65%,(Sell,17)","38%,(Wait,13)","31%,(Wait,9)"
"Set3","10-02 Day","SXT",3,"10-04 Day","62%,(Sell,8)","33%,(Sell,8)","44%,(Sell,8)"
"Set3","10-02 Day","SXT",4,"10-05 Day","65%,(Sell,11)","43%,(Sell,6)","6%,(Sell,1)"
"Set3","10-02 Day","SXT",5,"10-06 Day","7%,(Sell,1)","28%,(Sell,7)","36%,(Sell,5)"
"Set3","10-02 Day","SXT",6,"10-07 Day","24%,(Sell,4)","14%,(Sell,5)","56%,(Sell,10)"
"Set3","10-02 Day","SYRUP",1,"10-02 Day","63%,(Buy,33)","40%,(Wait,21)","73%,(Buy,38)"
"Set3","10-02 Day","SYRUP",2,"10-03 Day","58%,(Wait,21)","38%,(Wait,18)","86%,(Buy,31)"
"Set3","10-02 Day","SYRUP",3,"10-04 Day","91%,(Buy,31)","48%,(Sell,11)","85%,(Wait,23)"
"Set3","10-02 Day","SYRUP",4,"10-05 Day","11%,(Sell,2)","15%,(Sell,2)","40%,(Sell,8)"
"Set3","10-02 Day","SYRUP",5,"10-06 Day","13%,(Wait,3)","22%,(Sell,2)","42%,(Sell,11)"
"Set3","10-02 Day","SYRUP",6,"10-07 Day","42%,(Sell,8)","42%,(Sell,13)","37%,(Sell,11)"
"Set3","10-02 Day","TAIKO",1,"10-02 Day","40%,(Wait,21)","46%,(Wait,24)","32%,(Wait,13)"
"Set3","10-02 Day","TAIKO",2,"10-03 Day","59%,(Sell,13)","56%,(Wait,25)","16%,(Sell,6)"
"Set3","10-02 Day","TAIKO",3,"10-04 Day","76%,(Sell,19)","45%,(Sell,10)","0%,(Sell,0)"
"Set3","10-02 Day","TAIKO",4,"10-05 Day","68%,(Sell,19)","55%,(Sell,12)","28%,(Wait,8)"
"Set3","10-02 Day","TAIKO",5,"10-06 Day","48%,(Sell,13)","65%,(Wait,20)","14%,(Sell,5)"
"Set3","10-02 Day","TAIKO",6,"10-07 Day","52%,(Sell,13)","42%,(Sell,10)","13%,(Sell,5)"
"Set3","10-02 Day","TAO",1,"10-03 Day","31%,(Sell,16)","21%,(Sell,11)","13%,(Sell,7)"
"Set3","10-02 Day","TAO",2,"10-04 Day","11%,(Wait,3)","2%,(Sell,1)","27%,(Sell,13)"
"Set3","10-02 Day","TAO",3,"10-05 Day","6%,(Sell,2)","2%,(Sell,1)","5%,(Sell,2)"
"Set3","10-02 Day","TAO",4,"10-06 Day","7%,(Sell,3)","5%,(Sell,2)","5%,(Sell,2)"
"Set3","10-02 Day","TAO",5,"10-07 Day","16%,(Sell,7)","22%,(Wait,6)","0%,(Sell,0)"
"Set3","10-02 Day","TAO",6,"10-08 Day","17%,(Sell,7)","73%,(Sell,16)","6%,(Sell,2)"
"Set3","10-02 Day","TAVA",1,"10-03 Day","50%,(Wait,26)","75%,(Buy,38)","55%,(Wait,28)"
"Set3","10-02 Day","TAVA",2,"10-04 Day","19%,(Sell,9)","35%,(Wait,13)","32%,(Wait,12)"
"Set3","10-02 Day","TAVA",3,"10-05 Day","15%,(Wait,4)","0%,(Sell,0)","34%,(Sell,10)"
"Set3","10-02 Day","TAVA",4,"10-06 Day","4%,(Wait,1)","15%,(Sell,6)","26%,(Wait,8)"
"Set3","10-02 Day","TAVA",5,"10-07 Day","3%,(Sell,1)","19%,(Wait,5)","26%,(Sell,6)"
"Set3","10-02 Day","TAVA",6,"10-08 Day","15%,(Wait,4)","25%,(Sell,4)","12%,(Sell,2)"
"Set3","10-02 Day","TDROP",1,"10-02 Day","29%,(Sell,14)","40%,(Wait,21)","60%,(Buy,31)"
"Set3","10-02 Day","TDROP",2,"10-03 Day","19%,(Sell,7)","38%,(Sell,11)","58%,(Sell,19)"
"Set3","10-02 Day","TDROP",3,"10-04 Day","48%,(Sell,16)","74%,(Wait,29)","76%,(Wait,22)"
"Set3","10-02 Day","TDROP",4,"10-05 Day","79%,(Sell,19)","54%,(Sell,13)","76%,(Wait,26)"
"Set3","10-02 Day","TDROP",5,"10-06 Day","82%,(Sell,18)","45%,(Sell,5)","53%,(Sell,17)"
"Set3","10-02 Day","TDROP",6,"10-07 Day","69%,(Sell,11)","100%,(Sell,2)","41%,(Sell,12)"
"Set3","10-02 Day","TEMCO",1,"10-03 Day","37%,(Sell,19)","53%,(Wait,27)","69%,(Buy,36)"
"Set3","10-02 Day","TEMCO",2,"10-04 Day","20%,(Wait,7)","70%,(Wait,26)","39%,(Wait,14)"
"Set3","10-02 Day","TEMCO",3,"10-05 Day","38%,(Sell,5)","64%,(Sell,16)","57%,(Wait,21)"
"Set3","10-02 Day","TEMCO",4,"10-06 Day","28%,(Sell,7)","36%,(Sell,5)","62%,(Wait,21)"
"Set3","10-02 Day","TEMCO",5,"10-07 Day","25%,(Wait,9)","59%,(Sell,10)","33%,(Sell,9)"
"Set3","10-02 Day","TEMCO",6,"10-08 Day","6%,(Sell,1)","25%,(Sell,2)","35%,(Sell,8)"
"Set3","10-02 Day","TFUEL",1,"10-02 Day","43%,(Wait,22)","46%,(Wait,23)","65%,(Buy,34)"
"Set3","10-02 Day","TFUEL",2,"10-03 Day","58%,(Sell,18)","31%,(Wait,12)","67%,(Wait,29)"
"Set3","10-02 Day","TFUEL",3,"10-04 Day","25%,(Sell,6)","23%,(Sell,11)","49%,(Sell,18)"
"Set3","10-02 Day","TFUEL",4,"10-05 Day","21%,(Sell,9)","16%,(Sell,6)","14%,(Sell,3)"
"Set3","10-02 Day","TFUEL",5,"10-06 Day","3%,(Sell,1)","23%,(Wait,7)","11%,(Sell,2)"
"Set3","10-02 Day","TFUEL",6,"10-07 Day","6%,(Sell,2)","10%,(Wait,3)","0%,(Sell,0)"
"Set3","10-02 Day","THE",1,"10-02 Day","35%,(Sell,18)","29%,(Sell,15)","52%,(Wait,27)"
"Set3","10-02 Day","THE",2,"10-03 Day","45%,(Wait,19)","40%,(Wait,19)","51%,(Wait,23)"
"Set3","10-02 Day","THE",3,"10-04 Day","54%,(Wait,25)","45%,(Sell,15)","38%,(Wait,15)"
"Set3","10-02 Day","THE",4,"10-05 Day","58%,(Sell,18)","68%,(Sell,15)","35%,(Wait,11)"
"Set3","10-02 Day","THE",5,"10-06 Day","70%,(Wait,21)","76%,(Wait,25)","31%,(Sell,8)"
"Set3","10-02 Day","THE",6,"10-07 Day","90%,(Wait,26)","83%,(Wait,25)","57%,(Sell,17)"
"Set3","10-02 Day","THETA",1,"10-02 Day","49%,(Wait,24)","27%,(Sell,14)","41%,(Wait,21)"
"Set3","10-02 Day","THETA",2,"10-03 Day","24%,(Wait,9)","74%,(Buy,35)","36%,(Wait,15)"
"Set3","10-02 Day","THETA",3,"10-04 Day","29%,(Wait,10)","31%,(Sell,8)","32%,(Wait,10)"
"Set3","10-02 Day","THETA",4,"10-05 Day","24%,(Wait,7)","8%,(Wait,2)","29%,(Wait,8)"
"Set3","10-02 Day","THETA",5,"10-06 Day","35%,(Sell,7)","15%,(Wait,5)","52%,(Sell,12)"
"Set3","10-02 Day","THETA",6,"10-07 Day","24%,(Sell,4)","32%,(Sell,8)","50%,(Sell,9)"
"Set3","10-02 Day","THQ",1,"10-02 Day","50%,(Wait,26)","40%,(Wait,21)","69%,(Buy,36)"
"Set3","10-02 Day","THQ",2,"10-03 Day","64%,(Sell,18)","60%,(Wait,25)","90%,(Wait,28)"
"Set3","10-02 Day","THQ",3,"10-04 Day","88%,(Wait,23)","63%,(Wait,22)","81%,(Sell,17)"
"Set3","10-02 Day","THQ",4,"10-05 Day","35%,(Sell,7)","61%,(Sell,17)","26%,(Sell,5)"
"Set3","10-02 Day","THQ",5,"10-06 Day","29%,(Sell,6)","42%,(Sell,8)","50%,(Sell,5)"
"Set3","10-02 Day","THQ",6,"10-07 Day","21%,(Wait,6)","15%,(Wait,4)","61%,(Sell,14)"
"Set3","10-02 Day","TIA",1,"10-03 Day","37%,(Sell,19)","56%,(Wait,29)","58%,(Buy,30)"
"Set3","10-02 Day","TIA",2,"10-04 Day","45%,(Wait,18)","19%,(Sell,7)","38%,(Wait,16)"
"Set3","10-02 Day","TIA",3,"10-05 Day","80%,(Wait,24)","51%,(Wait,22)","37%,(Wait,13)"
"Set3","10-02 Day","TIA",4,"10-06 Day","79%,(Wait,26)","72%,(Buy,33)","56%,(Sell,15)"
"Set3","10-02 Day","TIA",5,"10-07 Day","76%,(Wait,29)","75%,(Sell,18)","62%,(Sell,16)"
"Set3","10-02 Day","TIA",6,"10-08 Day","86%,(Buy,32)","78%,(Sell,18)","65%,(Wait,20)"
"Set3","10-02 Day","TOKAMAK",1,"10-02 Day","62%,(Buy,32)","35%,(Wait,15)","60%,(Buy,31)"
"Set3","10-02 Day","TOKAMAK",2,"10-03 Day","48%,(Sell,16)","19%,(Sell,8)","28%,(Wait,11)"
"Set3","10-02 Day","TOKAMAK",3,"10-04 Day","25%,(Wait,9)","45%,(Sell,10)","6%,(Sell,2)"
"Set3","10-02 Day","TOKAMAK",4,"10-05 Day","2%,(Sell,1)","27%,(Wait,8)","0%,(Sell,0)"
"Set3","10-02 Day","TOKAMAK",5,"10-06 Day","11%,(Sell,4)","40%,(Wait,17)","15%,(Wait,5)"
"Set3","10-02 Day","TOKAMAK",6,"10-07 Day","19%,(Sell,4)","17%,(Sell,4)","13%,(Wait,4)"
"Set3","10-02 Day","TOSHI",1,"10-02 Day","40%,(Wait,21)","17%,(Sell,9)","33%,(Sell,17)"
"Set3","10-02 Day","TOSHI",2,"10-03 Day","7%,(Sell,3)","5%,(Sell,2)","42%,(Sell,13)"
"Set3","10-02 Day","TOSHI",3,"10-04 Day","14%,(Sell,5)","11%,(Wait,3)","14%,(Sell,2)"
"Set3","10-02 Day","TOSHI",4,"10-05 Day","0%,(Wait,0)","55%,(Sell,16)","32%,(Sell,8)"
"Set3","10-02 Day","TOSHI",5,"10-06 Day","4%,(Wait,1)","35%,(Wait,14)","6%,(Sell,1)"
"Set3","10-02 Day","TOSHI",6,"10-07 Day","12%,(Sell,2)","3%,(Sell,1)","26%,(Sell,5)"
"Set3","10-02 Day","TOWNS",1,"10-03 Day","23%,(Sell,12)","57%,(Wait,29)","25%,(Sell,13)"
"Set3","10-02 Day","TOWNS",2,"10-04 Day","10%,(Sell,4)","33%,(Sell,15)","17%,(Wait,6)"
"Set3","10-02 Day","TOWNS",3,"10-05 Day","21%,(Sell,8)","36%,(Sell,10)","27%,(Sell,7)"
"Set3","10-02 Day","TOWNS",4,"10-06 Day","41%,(Sell,12)","54%,(Sell,15)","30%,(Sell,6)"
"Set3","10-02 Day","TOWNS",5,"10-07 Day","48%,(Sell,16)","64%,(Sell,14)","42%,(Sell,14)"
"Set3","10-02 Day","TOWNS",6,"10-08 Day","32%,(Sell,6)","89%,(Sell,16)","46%,(Sell,12)"
"Set3","10-02 Day","TRAC",1,"10-03 Day","49%,(Wait,25)","37%,(Sell,19)","31%,(Sell,16)"
"Set3","10-02 Day","TRAC",2,"10-04 Day","37%,(Wait,13)","2%,(Sell,1)","23%,(Sell,10)"
"Set3","10-02 Day","TRAC",3,"10-05 Day","20%,(Sell,4)","0%,(Sell,0)","31%,(Wait,11)"
"Set3","10-02 Day","TRAC",4,"10-06 Day","27%,(Sell,6)","0%,(Wait,0)","9%,(Wait,2)"
"Set3","10-02 Day","TRAC",5,"10-07 Day","46%,(Sell,11)","0%,(Sell,0)","4%,(Wait,1)"
"Set3","10-02 Day","TRAC",6,"10-08 Day","42%,(Sell,10)","0%,(Sell,0)","6%,(Sell,2)"
"Set3","10-02 Day","TREE",1,"10-02 Day","53%,(Wait,23)","45%,(Wait,22)","33%,(Sell,17)"
"Set3","10-02 Day","TREE",2,"10-03 Day","46%,(Sell,16)","22%,(Wait,8)","24%,(Wait,7)"
"Set3","10-02 Day","TREE",3,"10-04 Day","78%,(Sell,14)","33%,(Wait,10)","31%,(Sell,5)"
"Set3","10-02 Day","TREE",4,"10-05 Day","50%,(Sell,9)","38%,(Sell,8)","23%,(Sell,3)"
"Set3","10-02 Day","TREE",5,"10-06 Day","82%,(Sell,18)","37%,(Sell,11)","14%,(Sell,2)"
"Set3","10-02 Day","TREE",6,"10-07 Day","40%,(Sell,2)","29%,(Sell,5)","15%,(Sell,2)"
"Set3","10-02 Day","TRUE",1,"10-03 Day","56%,(Wait,29)","35%,(Sell,18)","54%,(Wait,28)"
"Set3","10-02 Day","TRUE",2,"10-04 Day","45%,(Sell,15)","51%,(Wait,21)","38%,(Wait,16)"
"Set3","10-02 Day","TRUE",3,"10-05 Day","65%,(Wait,20)","29%,(Wait,10)","48%,(Sell,13)"
"Set3","10-02 Day","TRUE",4,"10-06 Day","57%,(Sell,17)","36%,(Wait,12)","69%,(Wait,20)"
"Set3","10-02 Day","TRUE",5,"10-07 Day","62%,(Sell,13)","55%,(Sell,6)","63%,(Sell,19)"
"Set3","10-02 Day","TRUE",6,"10-08 Day","30%,(Sell,7)","73%,(Sell,16)","61%,(Sell,19)"
"Set3","10-02 Day","TRUMP",1,"10-03 Day","63%,(Buy,32)","40%,(Wait,21)","29%,(Sell,15)"
"Set3","10-02 Day","TRUMP",2,"10-04 Day","48%,(Wait,22)","50%,(Wait,22)","32%,(Wait,12)"
"Set3","10-02 Day","TRUMP",3,"10-05 Day","35%,(Sell,9)","25%,(Wait,9)","44%,(Sell,12)"
"Set3","10-02 Day","TRUMP",4,"10-06 Day","17%,(Sell,3)","27%,(Wait,8)","30%,(Sell,8)"
"Set3","10-02 Day","TRUMP",5,"10-07 Day","41%,(Sell,11)","10%,(Wait,3)","0%,(Sell,0)"
"Set3","10-02 Day","TRUMP",6,"10-08 Day","15%,(Wait,5)","11%,(Wait,3)","0%,(Sell,0)"
"Set3","10-02 Day","TRUST",1,"10-02 Day","25%,(Sell,13)","12%,(Sell,6)","27%,(Sell,14)"
"Set3","10-02 Day","TRUST",2,"10-03 Day","74%,(Wait,20)","44%,(Wait,17)","30%,(Sell,13)"
"Set3","10-02 Day","TRUST",3,"10-04 Day","56%,(Sell,15)","89%,(Sell,8)","39%,(Wait,13)"
"Set3","10-02 Day","TRUST",4,"10-05 Day","50%,(Sell,11)","33%,(Sell,9)","30%,(Wait,9)"
"Set3","10-02 Day","TRUST",5,"10-06 Day","8%,(Wait,2)","100%,(Buy,40)","24%,(Sell,5)"
"Set3","10-02 Day","TRUST",6,"10-07 Day","22%,(Wait,7)","77%,(Wait,20)","12%,(Wait,3)"
"Set3","10-02 Day","TRX",1,"10-03 Day","40%,(Wait,18)","45%,(Wait,23)","35%,(Sell,17)"
"Set3","10-02 Day","TRX",2,"10-04 Day","47%,(Wait,18)","51%,(Sell,19)","62%,(Wait,26)"
"Set3","10-02 Day","TRX",3,"10-05 Day","41%,(Sell,11)","74%,(Wait,25)","66%,(Wait,21)"
"Set3","10-02 Day","TRX",4,"10-06 Day","84%,(Wait,21)","92%,(Wait,22)","52%,(Sell,14)"
"Set3","10-02 Day","TRX",5,"10-07 Day","91%,(Buy,30)","73%,(Wait,24)","33%,(Wait,10)"
"Set3","10-02 Day","TRX",6,"10-08 Day","96%,(Wait,27)","63%,(Sell,12)","14%,(Wait,4)"
"Set3","10-02 Day","TURBO",1,"10-02 Day","29%,(Sell,15)","35%,(Sell,18)","52%,(Wait,27)"
"Set3","10-02 Day","TURBO",2,"10-03 Day","36%,(Wait,15)","39%,(Sell,11)","48%,(Sell,13)"
"Set3","10-02 Day","TURBO",3,"10-04 Day","41%,(Wait,15)","43%,(Sell,10)","10%,(Wait,3)"
"Set3","10-02 Day","TURBO",4,"10-05 Day","16%,(Sell,3)","56%,(Sell,9)","3%,(Sell,1)"
"Set3","10-02 Day","TURBO",5,"10-06 Day","24%,(Sell,4)","28%,(Sell,5)","0%,(Sell,0)"
"Set3","10-02 Day","TURBO",6,"10-07 Day","39%,(Sell,9)","17%,(Wait,4)","3%,(Sell,1)"
"Set3","10-02 Day","UMA",1,"10-02 Day","13%,(Sell,7)","23%,(Sell,12)","21%,(Sell,10)"
"Set3","10-02 Day","UMA",2,"10-03 Day","3%,(Sell,1)","6%,(Sell,2)","16%,(Sell,6)"
"Set3","10-02 Day","UMA",3,"10-04 Day","17%,(Sell,7)","21%,(Sell,8)","35%,(Wait,14)"
"Set3","10-02 Day","UMA",4,"10-05 Day","8%,(Wait,2)","31%,(Wait,10)","31%,(Wait,13)"
"Set3","10-02 Day","UMA",5,"10-06 Day","71%,(Sell,10)","34%,(Sell,10)","11%,(Wait,3)"
"Set3","10-02 Day","UMA",6,"10-07 Day","47%,(Sell,16)","31%,(Sell,8)","11%,(Wait,3)"
"Set3","10-02 Day","UNI",1,"10-03 Day","60%,(Buy,31)","44%,(Wait,23)","62%,(Buy,32)"
"Set3","10-02 Day","UNI",2,"10-04 Day","58%,(Sell,18)","58%,(Wait,23)","49%,(Wait,19)"
"Set3","10-02 Day","UNI",3,"10-05 Day","61%,(Sell,11)","43%,(Sell,13)","78%,(Wait,25)"
"Set3","10-02 Day","UNI",4,"10-06 Day","16%,(Wait,4)","30%,(Sell,8)","33%,(Wait,14)"
"Set3","10-02 Day","UNI",5,"10-07 Day","26%,(Wait,9)","40%,(Sell,12)","11%,(Sell,2)"
"Set3","10-02 Day","UNI",6,"10-08 Day","19%,(Wait,6)","41%,(Sell,11)","25%,(Wait,8)"
"Set3","10-02 Day","UOS",1,"10-02 Day","60%,(Buy,31)","56%,(Wait,29)","45%,(Wait,23)"
"Set3","10-02 Day","UOS",2,"10-03 Day","59%,(Wait,24)","29%,(Wait,11)","45%,(Wait,17)"
"Set3","10-02 Day","UOS",3,"10-04 Day","42%,(Sell,14)","47%,(Wait,18)","65%,(Sell,17)"
"Set3","10-02 Day","UOS",4,"10-05 Day","32%,(Wait,11)","6%,(Sell,1)","69%,(Wait,20)"
"Set3","10-02 Day","UOS",5,"10-06 Day","22%,(Sell,5)","40%,(Sell,6)","55%,(Sell,18)"
"Set3","10-02 Day","UOS",6,"10-07 Day","50%,(Sell,15)","35%,(Sell,9)","56%,(Wait,22)"
"Set3","10-02 Day","UP",1,"10-02 Day","29%,(Sell,15)","10%,(Sell,5)","12%,(Sell,6)"
"Set3","10-02 Day","UP",2,"10-03 Day","9%,(Sell,4)","4%,(Sell,2)","5%,(Sell,2)"
"Set3","10-02 Day","UP",3,"10-04 Day","14%,(Sell,6)","16%,(Sell,7)","12%,(Wait,3)"
"Set3","10-02 Day","UP",4,"10-05 Day","0%,(Sell,0)","19%,(Sell,7)","0%,(Wait,0)"
"Set3","10-02 Day","UP",5,"10-06 Day","5%,(Sell,1)","0%,(Sell,0)","16%,(Sell,3)"
"Set3","10-02 Day","UP",6,"10-07 Day","18%,(Sell,4)","10%,(Sell,2)","18%,(Sell,4)"
"Set3","10-02 Day","USD1",1,"10-02 Day","23%,(Sell,11)","59%,(Wait,24)","62%,(Buy,32)"
"Set3","10-02 Day","USD1",2,"10-03 Day","14%,(Sell,6)","37%,(Wait,17)","27%,(Wait,9)"
"Set3","10-02 Day","USD1",3,"10-04 Day","38%,(Wait,12)","44%,(Wait,21)","10%,(Sell,2)"
"Set3","10-02 Day","USD1",4,"10-05 Day","50%,(Sell,11)","57%,(Sell,13)","17%,(Wait,5)"
"Set3","10-02 Day","USD1",5,"10-06 Day","35%,(Sell,9)","12%,(Sell,1)","24%,(Sell,6)"
"Set3","10-02 Day","USD1",6,"10-07 Day","61%,(Sell,11)","50%,(Sell,8)","43%,(Sell,6)"
"Set3","10-02 Day","USDC",1,"10-03 Day","16%,(Sell,8)","31%,(Wait,12)","45%,(Wait,22)"
"Set3","10-02 Day","USDC",2,"10-04 Day","17%,(Sell,7)","45%,(Sell,15)","40%,(Wait,17)"
"Set3","10-02 Day","USDC",3,"10-05 Day","15%,(Sell,6)","43%,(Wait,18)","24%,(Wait,9)"
"Set3","10-02 Day","USDC",4,"10-06 Day","31%,(Sell,8)","50%,(Sell,6)","23%,(Wait,7)"
"Set3","10-02 Day","USDC",5,"10-07 Day","35%,(Sell,6)","58%,(Sell,14)","50%,(Sell,9)"
"Set3","10-02 Day","USDC",6,"10-08 Day","74%,(Wait,20)","71%,(Wait,25)","56%,(Sell,5)"
"Set3","10-02 Day","USDE",1,"10-02 Day","24%,(Sell,12)","53%,(Wait,27)","44%,(Wait,19)"
"Set3","10-02 Day","USDE",2,"10-03 Day","29%,(Wait,8)","41%,(Wait,16)","14%,(Sell,6)"
"Set3","10-02 Day","USDE",3,"10-04 Day","25%,(Sell,4)","90%,(Sell,19)","7%,(Sell,3)"
"Set3","10-02 Day","USDE",4,"10-05 Day","6%,(Sell,1)","56%,(Sell,18)","0%,(Sell,0)"
"Set3","10-02 Day","USDE",5,"10-06 Day","47%,(Sell,8)","12%,(Sell,2)","6%,(Sell,1)"
"Set3","10-02 Day","USDE",6,"10-07 Day","68%,(Sell,15)","53%,(Sell,10)","12%,(Sell,1)"
"Set3","10-02 Day","USDS",1,"10-02 Day","18%,(Sell,9)","27%,(Sell,14)","49%,(Wait,25)"
"Set3","10-02 Day","USDS",2,"10-03 Day","27%,(Wait,8)","61%,(Wait,20)","92%,(Buy,33)"
"Set3","10-02 Day","USDS",3,"10-04 Day","35%,(Wait,12)","24%,(Sell,4)","61%,(Sell,11)"
"Set3","10-02 Day","USDS",4,"10-05 Day","44%,(Sell,8)","40%,(Wait,17)","82%,(Wait,27)"
"Set3","10-02 Day","USDS",5,"10-06 Day","7%,(Sell,1)","57%,(Sell,17)","86%,(Sell,19)"
"Set3","10-02 Day","USDS",6,"10-07 Day","20%,(Sell,3)","88%,(Sell,14)","54%,(Sell,7)"
"Set3","10-02 Day","USDT",1,"10-03 Day","15%,(Sell,8)","22%,(Sell,9)","43%,(Wait,22)"
"Set3","10-02 Day","USDT",2,"10-04 Day","18%,(Sell,7)","23%,(Wait,6)","36%,(Wait,16)"
"Set3","10-02 Day","USDT",3,"10-05 Day","18%,(Wait,6)","40%,(Wait,16)","26%,(Wait,10)"
"Set3","10-02 Day","USDT",4,"10-06 Day","26%,(Wait,7)","38%,(Sell,6)","17%,(Wait,5)"
"Set3","10-02 Day","USDT",5,"10-07 Day","33%,(Sell,5)","44%,(Sell,12)","64%,(Sell,9)"
"Set3","10-02 Day","USDT",6,"10-08 Day","78%,(Sell,18)","56%,(Sell,19)","62%,(Sell,10)"
"Set3","10-02 Day","VANA",1,"10-02 Day","58%,(Buy,30)","35%,(Sell,18)","62%,(Buy,32)"
"Set3","10-02 Day","VANA",2,"10-03 Day","65%,(Wait,20)","27%,(Wait,10)","72%,(Sell,18)"
"Set3","10-02 Day","VANA",3,"10-04 Day","60%,(Sell,18)","55%,(Wait,26)","58%,(Sell,19)"
"Set3","10-02 Day","VANA",4,"10-05 Day","52%,(Sell,15)","65%,(Wait,24)","53%,(Wait,20)"
"Set3","10-02 Day","VANA",5,"10-06 Day","59%,(Sell,17)","66%,(Wait,23)","54%,(Wait,22)"
"Set3","10-02 Day","VANA",6,"10-07 Day","85%,(Wait,23)","40%,(Sell,8)","83%,(Wait,24)"
"Set3","10-02 Day","VERONA",1,"10-03 Day","35%,(Sell,18)","48%,(Wait,25)","42%,(Wait,22)"
"Set3","10-02 Day","VERONA",2,"10-04 Day","28%,(Wait,11)","28%,(Sell,14)","36%,(Wait,14)"
"Set3","10-02 Day","VERONA",3,"10-05 Day","36%,(Sell,10)","45%,(Wait,17)","42%,(Sell,13)"
"Set3","10-02 Day","VERONA",4,"10-06 Day","5%,(Sell,1)","70%,(Wait,21)","45%,(Sell,10)"
"Set3","10-02 Day","VERONA",5,"10-07 Day","14%,(Wait,4)","43%,(Sell,3)","10%,(Sell,2)"
"Set3","10-02 Day","VERONA",6,"10-08 Day","3%,(Wait,1)","0%,(Sell,0)","14%,(Sell,3)"
"Set3","10-02 Day","VET",1,"10-02 Day","50%,(Wait,26)","23%,(Sell,12)","37%,(Sell,19)"
"Set3","10-02 Day","VET",2,"10-03 Day","39%,(Wait,17)","28%,(Sell,13)","65%,(Wait,24)"
"Set3","10-02 Day","VET",3,"10-04 Day","59%,(Wait,22)","29%,(Wait,8)","70%,(Wait,23)"
"Set3","10-02 Day","VET",4,"10-05 Day","44%,(Wait,16)","62%,(Wait,24)","48%,(Sell,13)"
"Set3","10-02 Day","VET",5,"10-06 Day","42%,(Sell,13)","32%,(Wait,12)","46%,(Sell,12)"
"Set3","10-02 Day","VET",6,"10-07 Day","52%,(Sell,12)","23%,(Sell,5)","60%,(Sell,6)"
"Set3","10-02 Day","VIRTUAL",1,"10-03 Day","37%,(Sell,19)","37%,(Sell,19)","12%,(Sell,6)"
"Set3","10-02 Day","VIRTUAL",2,"10-04 Day","56%,(Wait,28)","24%,(Wait,9)","10%,(Sell,4)"
"Set3","10-02 Day","VIRTUAL",3,"10-05 Day","54%,(Wait,20)","22%,(Sell,9)","18%,(Sell,7)"
"Set3","10-02 Day","VIRTUAL",4,"10-06 Day","17%,(Sell,3)","13%,(Sell,5)","22%,(Wait,8)"
"Set3","10-02 Day","VIRTUAL",5,"10-07 Day","33%,(Sell,8)","19%,(Sell,7)","22%,(Sell,9)"
"Set3","10-02 Day","VIRTUAL",6,"10-08 Day","59%,(Wait,26)","31%,(Wait,11)","6%,(Sell,2)"
"Set3","10-02 Day","VTHO",1,"10-02 Day","52%,(Wait,27)","46%,(Wait,23)","60%,(Buy,31)"
"Set3","10-02 Day","VTHO",2,"10-03 Day","41%,(Wait,16)","38%,(Wait,12)","69%,(Wait,22)"
"Set3","10-02 Day","VTHO",3,"10-04 Day","29%,(Sell,12)","22%,(Sell,5)","43%,(Sell,10)"
"Set3","10-02 Day","VTHO",4,"10-05 Day","21%,(Wait,7)","9%,(Sell,3)","21%,(Wait,7)"
"Set3","10-02 Day","VTHO",5,"10-06 Day","50%,(Sell,16)","30%,(Wait,12)","11%,(Sell,4)"
"Set3","10-02 Day","VTHO",6,"10-07 Day","80%,(Wait,24)","32%,(Wait,11)","21%,(Wait,6)"
"Set3","10-02 Day","VVV",1,"10-03 Day","81%,(Buy,42)","67%,(Buy,35)","54%,(Wait,28)"
"Set3","10-02 Day","VVV",2,"10-04 Day","57%,(Wait,20)","73%,(Sell,19)","44%,(Wait,18)"
"Set3","10-02 Day","VVV",3,"10-05 Day","38%,(Wait,12)","39%,(Sell,12)","39%,(Sell,9)"
"Set3","10-02 Day","VVV",4,"10-06 Day","35%,(Sell,9)","44%,(Sell,11)","50%,(Sell,13)"
"Set3","10-02 Day","VVV",5,"10-07 Day","25%,(Sell,4)","23%,(Sell,5)","73%,(Sell,16)"
"Set3","10-02 Day","VVV",6,"10-08 Day","45%,(Sell,5)","21%,(Sell,4)","86%,(Sell,18)"
"Set3","10-02 Day","W",1,"10-02 Day","12%,(Sell,6)","50%,(Wait,26)","33%,(Sell,17)"
"Set3","10-02 Day","W",2,"10-03 Day","14%,(Sell,5)","16%,(Wait,4)","22%,(Wait,8)"
"Set3","10-02 Day","W",3,"10-04 Day","0%,(Wait,0)","10%,(Sell,2)","12%,(Wait,3)"
"Set3","10-02 Day","W",4,"10-05 Day","24%,(Sell,5)","57%,(Sell,13)","43%,(Sell,13)"
"Set3","10-02 Day","W",5,"10-06 Day","0%,(Sell,0)","15%,(Sell,2)","44%,(Sell,15)"
"Set3","10-02 Day","W",6,"10-07 Day","33%,(Sell,2)","30%,(Sell,3)","0%,(Sell,0)"
"Set3","10-02 Day","WAL",1,"10-02 Day","58%,(Buy,30)","27%,(Sell,14)","42%,(Wait,22)"
"Set3","10-02 Day","WAL",2,"10-03 Day","58%,(Sell,19)","33%,(Wait,10)","43%,(Wait,18)"
"Set3","10-02 Day","WAL",3,"10-04 Day","47%,(Sell,14)","56%,(Sell,14)","50%,(Sell,14)"
"Set3","10-02 Day","WAL",4,"10-05 Day","7%,(Wait,2)","58%,(Sell,15)","24%,(Wait,7)"
"Set3","10-02 Day","WAL",5,"10-06 Day","7%,(Sell,3)","39%,(Sell,11)","21%,(Sell,5)"
"Set3","10-02 Day","WAL",6,"10-07 Day","5%,(Sell,2)","47%,(Wait,18)","15%,(Wait,4)"
"Set3","10-02 Day","WAVES",1,"10-02 Day","21%,(Sell,11)","40%,(Wait,21)","31%,(Sell,16)"
"Set3","10-02 Day","WAVES",2,"10-03 Day","48%,(Sell,16)","16%,(Sell,6)","39%,(Wait,15)"
"Set3","10-02 Day","WAVES",3,"10-04 Day","29%,(Wait,9)","15%,(Sell,6)","69%,(Sell,11)"
"Set3","10-02 Day","WAVES",4,"10-05 Day","8%,(Sell,3)","43%,(Sell,13)","17%,(Wait,5)"
"Set3","10-02 Day","WAVES",5,"10-06 Day","28%,(Wait,8)","23%,(Wait,7)","42%,(Sell,8)"
"Set3","10-02 Day","WAVES",6,"10-07 Day","37%,(Wait,17)","17%,(Wait,5)","32%,(Wait,11)"
"Set3","10-02 Day","WAXL",1,"10-02 Day","10%,(Sell,5)","20%,(Sell,10)","14%,(Sell,7)"
"Set3","10-02 Day","WAXL",2,"10-03 Day","43%,(Wait,16)","38%,(Sell,18)","15%,(Sell,6)"
"Set3","10-02 Day","WAXL",3,"10-04 Day","48%,(Sell,13)","50%,(Sell,18)","40%,(Wait,14)"
"Set3","10-02 Day","WAXL",4,"10-05 Day","62%,(Wait,20)","71%,(Wait,25)","52%,(Sell,16)"
"Set3","10-02 Day","WAXL",5,"10-06 Day","72%,(Wait,21)","80%,(Wait,20)","62%,(Sell,18)"
"Set3","10-02 Day","WAXL",6,"10-07 Day","65%,(Wait,28)","83%,(Wait,25)","58%,(Sell,18)"
"Set3","10-02 Day","WAXP",1,"10-03 Day","48%,(Wait,25)","44%,(Wait,23)","44%,(Wait,23)"
"Set3","10-02 Day","WAXP",2,"10-04 Day","42%,(Sell,13)","48%,(Wait,20)","19%,(Sell,9)"
"Set3","10-02 Day","WAXP",3,"10-05 Day","17%,(Sell,7)","42%,(Sell,8)","12%,(Sell,4)"
"Set3","10-02 Day","WAXP",4,"10-06 Day","35%,(Wait,11)","48%,(Sell,13)","8%,(Wait,2)"
"Set3","10-02 Day","WAXP",5,"10-07 Day","15%,(Sell,3)","52%,(Sell,12)","8%,(Wait,2)"
"Set3","10-02 Day","WAXP",6,"10-08 Day","0%,(Wait,0)","35%,(Sell,8)","11%,(Sell,2)"
"Set3","10-02 Day","WCT",1,"10-02 Day","29%,(Sell,15)","27%,(Sell,14)","50%,(Wait,26)"
"Set3","10-02 Day","WCT",2,"10-03 Day","38%,(Wait,14)","24%,(Wait,8)","17%,(Sell,7)"
"Set3","10-02 Day","WCT",3,"10-04 Day","26%,(Wait,9)","54%,(Sell,7)","29%,(Sell,6)"
"Set3","10-02 Day","WCT",4,"10-05 Day","39%,(Sell,7)","35%,(Sell,8)","31%,(Wait,11)"
"Set3","10-02 Day","WCT",5,"10-06 Day","64%,(Sell,18)","35%,(Wait,13)","37%,(Wait,13)"
"Set3","10-02 Day","WCT",6,"10-07 Day","35%,(Sell,8)","30%,(Wait,10)","38%,(Sell,9)"
"Set3","10-02 Day","WET",1,"10-02 Day","47%,(Wait,24)","65%,(Buy,30)","58%,(Buy,30)"
"Set3","10-02 Day","WET",2,"10-03 Day","43%,(Wait,16)","34%,(Wait,11)","54%,(Wait,21)"
"Set3","10-02 Day","WET",3,"10-04 Day","41%,(Wait,17)","20%,(Sell,8)","55%,(Sell,16)"
"Set3","10-02 Day","WET",4,"10-05 Day","53%,(Sell,10)","21%,(Wait,7)","35%,(Sell,7)"
"Set3","10-02 Day","WET",5,"10-06 Day","43%,(Sell,13)","12%,(Sell,2)","89%,(Sell,16)"
"Set3","10-02 Day","WET",6,"10-07 Day","60%,(Sell,12)","12%,(Sell,2)","88%,(Wait,23)"
"Set3","10-02 Day","WIF",1,"10-02 Day","10%,(Sell,5)","15%,(Sell,8)","49%,(Wait,25)"
"Set3","10-02 Day","WIF",2,"10-03 Day","7%,(Sell,3)","0%,(Sell,0)","21%,(Sell,9)"
"Set3","10-02 Day","WIF",3,"10-04 Day","2%,(Sell,1)","0%,(Sell,0)","0%,(Wait,0)"
"Set3","10-02 Day","WIF",4,"10-05 Day","0%,(Wait,0)","0%,(Sell,0)","0%,(Sell,0)"
"Set3","10-02 Day","WIF",5,"10-06 Day","6%,(Sell,1)","6%,(Sell,2)","0%,(Sell,0)"
"Set3","10-02 Day","WIF",6,"10-07 Day","22%,(Sell,5)","9%,(Sell,4)","8%,(Sell,3)"
"Set3","10-02 Day","WLD",1,"10-03 Day","31%,(Sell,16)","10%,(Sell,5)","27%,(Sell,14)"
"Set3","10-02 Day","WLD",2,"10-04 Day","23%,(Wait,6)","10%,(Wait,3)","11%,(Sell,4)"
"Set3","10-02 Day","WLD",3,"10-05 Day","35%,(Wait,13)","59%,(Sell,16)","8%,(Sell,3)"
"Set3","10-02 Day","WLD",4,"10-06 Day","19%,(Wait,6)","44%,(Sell,8)","9%,(Sell,3)"
"Set3","10-02 Day","WLD",5,"10-07 Day","21%,(Sell,4)","36%,(Wait,13)","12%,(Wait,3)"
"Set3","10-02 Day","WLD",6,"10-08 Day","21%,(Wait,6)","54%,(Sell,14)","19%,(Sell,4)"
"Set3","10-02 Day","WLFI",1,"10-02 Day","29%,(Sell,13)","67%,(Buy,35)","29%,(Sell,15)"
"Set3","10-02 Day","WLFI",2,"10-03 Day","29%,(Wait,11)","39%,(Wait,15)","24%,(Wait,8)"
"Set3","10-02 Day","WLFI",3,"10-04 Day","40%,(Wait,16)","26%,(Wait,8)","25%,(Wait,7)"
"Set3","10-02 Day","WLFI",4,"10-05 Day","29%,(Wait,10)","47%,(Sell,17)","30%,(Sell,8)"
"Set3","10-02 Day","WLFI",5,"10-06 Day","29%,(Wait,8)","25%,(Sell,6)","18%,(Sell,7)"
"Set3","10-02 Day","WLFI",6,"10-07 Day","22%,(Sell,5)","0%,(Sell,0)","25%,(Sell,6)"
"Set3","10-02 Day","WNCG",1,"10-02 Day","48%,(Wait,25)","63%,(Buy,32)","69%,(Buy,36)"
"Set3","10-02 Day","WNCG",2,"10-03 Day","39%,(Sell,12)","53%,(Wait,20)","54%,(Wait,22)"
"Set3","10-02 Day","WNCG",3,"10-04 Day","31%,(Sell,8)","30%,(Wait,9)","58%,(Sell,15)"
"Set3","10-02 Day","WNCG",4,"10-05 Day","42%,(Sell,10)","22%,(Wait,6)","54%,(Sell,14)"
"Set3","10-02 Day","WNCG",5,"10-06 Day","24%,(Sell,5)","35%,(Sell,9)","53%,(Sell,16)"
"Set3","10-02 Day","WNCG",6,"10-07 Day","36%,(Sell,8)","35%,(Sell,6)","30%,(Sell,7)"
"Set3","10-02 Day","WOO",1,"10-02 Day","13%,(Sell,7)","16%,(Sell,8)","37%,(Sell,19)"
"Set3","10-02 Day","WOO",2,"10-03 Day","14%,(Sell,6)","22%,(Sell,9)","21%,(Sell,10)"
"Set3","10-02 Day","WOO",3,"10-04 Day","6%,(Sell,2)","8%,(Sell,4)","9%,(Sell,4)"
"Set3","10-02 Day","WOO",4,"10-05 Day","8%,(Sell,3)","12%,(Sell,5)","11%,(Wait,3)"
"Set3","10-02 Day","WOO",5,"10-06 Day","52%,(Sell,13)","29%,(Wait,9)","19%,(Sell,3)"
"Set3","10-02 Day","WOO",6,"10-07 Day","26%,(Sell,6)","48%,(Sell,10)","45%,(Sell,14)"
"Set3","10-02 Day","XAI",1,"10-02 Day","38%,(Wait,20)","44%,(Wait,23)","15%,(Sell,8)"
"Set3","10-02 Day","XAI",2,"10-03 Day","16%,(Sell,7)","10%,(Sell,4)","22%,(Sell,10)"
"Set3","10-02 Day","XAI",3,"10-04 Day","3%,(Sell,1)","32%,(Wait,10)","10%,(Wait,3)"
"Set3","10-02 Day","XAI",4,"10-05 Day","11%,(Sell,4)","79%,(Buy,33)","13%,(Wait,4)"
"Set3","10-02 Day","XAI",5,"10-06 Day","10%,(Sell,1)","61%,(Sell,17)","8%,(Sell,1)"
"Set3","10-02 Day","XAI",6,"10-07 Day","55%,(Sell,6)","38%,(Sell,8)","0%,(Sell,0)"
"Set3","10-02 Day","XAN",1,"10-03 Day","46%,(Wait,24)","37%,(Sell,19)","38%,(Wait,20)"
"Set3","10-02 Day","XAN",2,"10-04 Day","50%,(Sell,19)","37%,(Wait,17)","13%,(Sell,6)"
"Set3","10-02 Day","XAN",3,"10-05 Day","42%,(Sell,8)","34%,(Wait,11)","24%,(Wait,8)"
"Set3","10-02 Day","XAN",4,"10-06 Day","32%,(Sell,9)","33%,(Sell,7)","31%,(Wait,9)"
"Set3","10-02 Day","XAN",5,"10-07 Day","40%,(Sell,10)","44%,(Sell,11)","44%,(Sell,12)"
"Set3","10-02 Day","XAN",6,"10-08 Day","69%,(Wait,24)","18%,(Sell,4)","44%,(Sell,8)"
"Set3","10-02 Day","XAUT",1,"10-03 Day","62%,(Buy,32)","65%,(Buy,34)","62%,(Buy,32)"
"Set3","10-02 Day","XAUT",2,"10-04 Day","48%,(Sell,15)","96%,(Wait,26)","45%,(Wait,23)"
"Set3","10-02 Day","XAUT",3,"10-05 Day","88%,(Sell,14)","81%,(Wait,26)","31%,(Wait,11)"
"Set3","10-02 Day","XAUT",4,"10-06 Day","96%,(Wait,27)","100%,(Buy,30)","92%,(Sell,11)"
"Set3","10-02 Day","XAUT",5,"10-07 Day","70%,(Wait,26)","100%,(Sell,10)","76%,(Wait,29)"
"Set3","10-02 Day","XAUT",6,"10-08 Day","87%,(Sell,13)","53%,(Sell,8)","88%,(Wait,21)"
"Set3","10-02 Day","XCN",1,"10-02 Day","40%,(Wait,21)","56%,(Wait,29)","25%,(Sell,13)"
"Set3","10-02 Day","XCN",2,"10-03 Day","17%,(Sell,7)","28%,(Wait,10)","32%,(Sell,14)"
"Set3","10-02 Day","XCN",3,"10-04 Day","33%,(Sell,16)","19%,(Wait,6)","36%,(Wait,12)"
"Set3","10-02 Day","XCN",4,"10-05 Day","12%,(Wait,4)","44%,(Sell,15)","8%,(Wait,2)"
"Set3","10-02 Day","XCN",5,"10-06 Day","15%,(Wait,4)","38%,(Sell,10)","40%,(Wait,17)"
"Set3","10-02 Day","XCN",6,"10-07 Day","8%,(Sell,1)","40%,(Sell,8)","25%,(Sell,5)"
"Set3","10-02 Day","XEC",1,"10-02 Day","44%,(Wait,23)","15%,(Sell,8)","46%,(Wait,24)"
"Set3","10-02 Day","XEC",2,"10-03 Day","26%,(Sell,13)","32%,(Wait,12)","33%,(Wait,10)"
"Set3","10-02 Day","XEC",3,"10-04 Day","22%,(Wait,6)","45%,(Sell,15)","29%,(Sell,6)"
"Set3","10-02 Day","XEC",4,"10-05 Day","31%,(Sell,5)","38%,(Sell,11)","34%,(Wait,11)"
"Set3","10-02 Day","XEC",5,"10-06 Day","53%,(Sell,16)","50%,(Sell,16)","55%,(Sell,18)"
"Set3","10-02 Day","XEC",6,"10-07 Day","68%,(Sell,15)","58%,(Sell,14)","65%,(Sell,11)"
"Set3","10-02 Day","XLM",1,"10-03 Day","45%,(Wait,23)","42%,(Wait,22)","46%,(Wait,24)"
"Set3","10-02 Day","XLM",2,"10-04 Day","24%,(Wait,8)","42%,(Wait,18)","16%,(Wait,5)"
"Set3","10-02 Day","XLM",3,"10-05 Day","19%,(Wait,7)","28%,(Wait,10)","3%,(Sell,1)"
"Set3","10-02 Day","XLM",4,"10-06 Day","17%,(Sell,4)","18%,(Wait,5)","7%,(Wait,2)"
"Set3","10-02 Day","XLM",5,"10-07 Day","10%,(Sell,2)","20%,(Wait,5)","5%,(Sell,1)"
"Set3","10-02 Day","XLM",6,"10-08 Day","12%,(Wait,4)","25%,(Sell,6)","6%,(Sell,1)"
"Set3","10-02 Day","XPL",1,"10-02 Day","59%,(Wait,26)","71%,(Buy,37)","48%,(Wait,25)"
"Set3","10-02 Day","XPL",2,"10-03 Day","62%,(Wait,21)","50%,(Wait,22)","78%,(Buy,31)"
"Set3","10-02 Day","XPL",3,"10-04 Day","66%,(Wait,25)","56%,(Wait,27)","45%,(Sell,13)"
"Set3","10-02 Day","XPL",4,"10-05 Day","39%,(Sell,9)","45%,(Sell,15)","38%,(Wait,15)"
"Set3","10-02 Day","XPL",5,"10-06 Day","17%,(Sell,1)","14%,(Sell,1)","26%,(Wait,9)"
"Set3","10-02 Day","XPL",6,"10-07 Day","21%,(Sell,3)","21%,(Sell,4)","23%,(Sell,5)"
"Set3","10-02 Day","XPLA",1,"10-03 Day","46%,(Wait,24)","54%,(Wait,28)","24%,(Sell,12)"
"Set3","10-02 Day","XPLA",2,"10-04 Day","34%,(Wait,11)","30%,(Sell,13)","17%,(Sell,7)"
"Set3","10-02 Day","XPLA",3,"10-05 Day","32%,(Wait,11)","11%,(Sell,4)","24%,(Wait,9)"
"Set3","10-02 Day","XPLA",4,"10-06 Day","42%,(Wait,15)","9%,(Sell,3)","48%,(Sell,10)"
"Set3","10-02 Day","XPLA",5,"10-07 Day","31%,(Wait,9)","2%,(Sell,1)","21%,(Wait,6)"
"Set3","10-02 Day","XPLA",6,"10-08 Day","7%,(Sell,1)","48%,(Sell,14)","21%,(Wait,7)"
"Set3","10-02 Day","XPR",1,"10-02 Day","62%,(Buy,32)","46%,(Wait,24)","62%,(Buy,32)"
"Set3","10-02 Day","XPR",2,"10-03 Day","72%,(Wait,28)","68%,(Wait,28)","65%,(Wait,26)"
"Set3","10-02 Day","XPR",3,"10-04 Day","74%,(Wait,25)","70%,(Sell,19)","76%,(Wait,25)"
"Set3","10-02 Day","XPR",4,"10-05 Day","95%,(Wait,20)","97%,(Wait,29)","81%,(Wait,25)"
"Set3","10-02 Day","XPR",5,"10-06 Day","82%,(Wait,27)","86%,(Sell,12)","60%,(Sell,18)"
"Set3","10-02 Day","XPR",6,"10-07 Day","95%,(Wait,21)","100%,(Wait,27)","50%,(Sell,7)"
"Set3","10-02 Day","XRP",1,"10-03 Day","67%,(Buy,33)","46%,(Wait,24)","27%,(Sell,14)"
"Set3","10-02 Day","XRP",2,"10-04 Day","71%,(Wait,24)","65%,(Buy,30)","48%,(Sell,14)"
"Set3","10-02 Day","XRP",3,"10-05 Day","69%,(Sell,18)","59%,(Sell,19)","59%,(Sell,16)"
"Set3","10-02 Day","XRP",4,"10-06 Day","67%,(Wait,20)","38%,(Sell,10)","67%,(Sell,14)"
"Set3","10-02 Day","XRP",5,"10-07 Day","41%,(Sell,7)","21%,(Wait,6)","67%,(Sell,18)"
"Set3","10-02 Day","XRP",6,"10-08 Day","30%,(Sell,7)","41%,(Sell,13)","30%,(Sell,8)"
"Set3","10-02 Day","XTER",1,"10-02 Day","52%,(Wait,27)","18%,(Sell,9)","81%,(Buy,39)"
"Set3","10-02 Day","XTER",2,"10-03 Day","53%,(Sell,18)","58%,(Sell,19)","57%,(Wait,20)"
"Set3","10-02 Day","XTER",3,"10-04 Day","63%,(Wait,22)","65%,(Wait,22)","47%,(Sell,15)"
"Set3","10-02 Day","XTER",4,"10-05 Day","35%,(Wait,11)","9%,(Wait,2)","45%,(Wait,17)"
"Set3","10-02 Day","XTER",5,"10-06 Day","43%,(Sell,6)","0%,(Wait,0)","38%,(Wait,16)"
"Set3","10-02 Day","XTER",6,"10-07 Day","17%,(Sell,4)","14%,(Wait,4)","49%,(Sell,18)"
"Set3","10-02 Day","XTZ",1,"10-02 Day","19%,(Sell,10)","28%,(Sell,14)","42%,(Wait,22)"
"Set3","10-02 Day","XTZ",2,"10-03 Day","24%,(Wait,9)","33%,(Sell,16)","44%,(Sell,15)"
"Set3","10-02 Day","XTZ",3,"10-04 Day","28%,(Sell,7)","47%,(Sell,15)","27%,(Sell,7)"
"Set3","10-02 Day","XTZ",4,"10-05 Day","56%,(Sell,18)","51%,(Wait,21)","23%,(Wait,8)"
"Set3","10-02 Day","XTZ",5,"10-06 Day","36%,(Sell,4)","39%,(Sell,7)","9%,(Sell,3)"
"Set3","10-02 Day","XTZ",6,"10-07 Day","39%,(Sell,7)","69%,(Sell,9)","54%,(Sell,15)"
"Set3","10-02 Day","XVS",1,"10-02 Day","35%,(Sell,18)","42%,(Wait,22)","17%,(Sell,9)"
"Set3","10-02 Day","XVS",2,"10-03 Day","35%,(Wait,13)","12%,(Wait,4)","36%,(Wait,13)"
"Set3","10-02 Day","XVS",3,"10-04 Day","35%,(Wait,15)","49%,(Wait,20)","3%,(Sell,1)"
"Set3","10-02 Day","XVS",4,"10-05 Day","6%,(Sell,2)","33%,(Wait,13)","7%,(Wait,2)"
"Set3","10-02 Day","XVS",5,"10-06 Day","18%,(Wait,6)","30%,(Wait,11)","12%,(Sell,2)"
"Set3","10-02 Day","XVS",6,"10-07 Day","61%,(Sell,11)","28%,(Sell,5)","24%,(Wait,8)"
"Set3","10-02 Day","XYO",1,"10-02 Day","35%,(Sell,18)","35%,(Sell,18)","36%,(Sell,18)"
"Set3","10-02 Day","XYO",2,"10-03 Day","6%,(Sell,2)","36%,(Sell,17)","6%,(Sell,1)"
"Set3","10-02 Day","XYO",3,"10-04 Day","23%,(Wait,8)","26%,(Wait,9)","10%,(Wait,3)"
"Set3","10-02 Day","XYO",4,"10-05 Day","35%,(Wait,12)","40%,(Sell,10)","21%,(Wait,6)"
"Set3","10-02 Day","XYO",5,"10-06 Day","0%,(Sell,0)","8%,(Sell,1)","24%,(Wait,7)"
"Set3","10-02 Day","XYO",6,"10-07 Day","60%,(Sell,9)","5%,(Wait,1)","48%,(Sell,12)"
"Set3","10-02 Day","YB",1,"10-02 Day","24%,(Sell,10)","27%,(Sell,14)","58%,(Wait,29)"
"Set3","10-02 Day","YB",2,"10-03 Day","58%,(Wait,23)","26%,(Wait,10)","67%,(Wait,28)"
"Set3","10-02 Day","YB",3,"10-04 Day","29%,(Wait,10)","61%,(Sell,19)","46%,(Sell,16)"
"Set3","10-02 Day","YB",4,"10-05 Day","32%,(Sell,8)","61%,(Sell,19)","34%,(Wait,11)"
"Set3","10-02 Day","YB",5,"10-06 Day","18%,(Wait,6)","46%,(Sell,12)","19%,(Wait,5)"
"Set3","10-02 Day","YB",6,"10-07 Day","21%,(Wait,7)","48%,(Sell,12)","20%,(Wait,5)"
"Set3","10-02 Day","YFI",1,"10-02 Day","15%,(Sell,8)","52%,(Wait,27)","35%,(Sell,18)"
"Set3","10-02 Day","YFI",2,"10-03 Day","16%,(Sell,7)","25%,(Sell,11)","37%,(Wait,13)"
"Set3","10-02 Day","YFI",3,"10-04 Day","0%,(Sell,0)","14%,(Sell,5)","14%,(Sell,5)"
"Set3","10-02 Day","YFI",4,"10-05 Day","0%,(Sell,0)","19%,(Wait,5)","14%,(Sell,5)"
"Set3","10-02 Day","YFI",5,"10-06 Day","12%,(Sell,2)","25%,(Wait,7)","19%,(Wait,5)"
"Set3","10-02 Day","YFI",6,"10-07 Day","56%,(Sell,10)","48%,(Sell,12)","62%,(Sell,10)"
"Set3","10-02 Day","YGG",1,"10-02 Day","21%,(Sell,11)","39%,(Wait,20)","29%,(Sell,15)"
"Set3","10-02 Day","YGG",2,"10-03 Day","50%,(Sell,18)","31%,(Sell,14)","37%,(Wait,13)"
"Set3","10-02 Day","YGG",3,"10-04 Day","48%,(Sell,15)","28%,(Wait,10)","27%,(Wait,9)"
"Set3","10-02 Day","YGG",4,"10-05 Day","55%,(Sell,17)","25%,(Wait,8)","5%,(Sell,2)"
"Set3","10-02 Day","YGG",5,"10-06 Day","58%,(Sell,18)","30%,(Sell,7)","7%,(Wait,2)"
"Set3","10-02 Day","YGG",6,"10-07 Day","59%,(Sell,19)","64%,(Sell,14)","29%,(Wait,8)"
"Set3","10-02 Day","ZAMA",1,"10-03 Day","41%,(Wait,21)","54%,(Wait,28)","46%,(Wait,24)"
"Set3","10-02 Day","ZAMA",2,"10-04 Day","33%,(Wait,11)","51%,(Sell,19)","56%,(Wait,23)"
"Set3","10-02 Day","ZAMA",3,"10-05 Day","25%,(Wait,7)","45%,(Wait,19)","62%,(Wait,24)"
"Set3","10-02 Day","ZAMA",4,"10-06 Day","15%,(Wait,5)","25%,(Sell,11)","41%,(Sell,9)"
"Set3","10-02 Day","ZAMA",5,"10-07 Day","18%,(Sell,3)","23%,(Wait,7)","19%,(Sell,3)"
"Set3","10-02 Day","ZAMA",6,"10-08 Day","100%,(Sell,4)","19%,(Sell,3)","9%,(Sell,1)"
"Set3","10-02 Day","ZBT",1,"10-02 Day","40%,(Wait,17)","65%,(Buy,34)","43%,(Wait,22)"
"Set3","10-02 Day","ZBT",2,"10-03 Day","41%,(Sell,13)","28%,(Sell,13)","39%,(Sell,9)"
"Set3","10-02 Day","ZBT",3,"10-04 Day","25%,(Wait,9)","6%,(Sell,2)","14%,(Sell,3)"
"Set3","10-02 Day","ZBT",4,"10-05 Day","7%,(Wait,2)","13%,(Sell,2)","14%,(Sell,3)"
"Set3","10-02 Day","ZBT",5,"10-06 Day","7%,(Wait,2)","35%,(Sell,7)","11%,(Sell,4)"
"Set3","10-02 Day","ZBT",6,"10-07 Day","24%,(Sell,4)","33%,(Sell,9)","12%,(Wait,4)"
"Set3","10-02 Day","ZETA",1,"10-03 Day","33%,(Sell,17)","12%,(Sell,6)","31%,(Sell,16)"
"Set3","10-02 Day","ZETA",2,"10-04 Day","16%,(Sell,7)","27%,(Wait,9)","28%,(Wait,11)"
"Set3","10-02 Day","ZETA",3,"10-05 Day","21%,(Wait,7)","26%,(Sell,11)","24%,(Wait,9)"
"Set3","10-02 Day","ZETA",4,"10-06 Day","31%,(Wait,9)","19%,(Wait,5)","21%,(Sell,8)"
"Set3","10-02 Day","ZETA",5,"10-07 Day","31%,(Wait,9)","56%,(Wait,22)","5%,(Wait,1)"
"Set3","10-02 Day","ZETA",6,"10-08 Day","47%,(Sell,9)","59%,(Wait,24)","6%,(Sell,1)"
"Set3","10-02 Day","ZIL",1,"10-02 Day","46%,(Wait,24)","52%,(Wait,27)","13%,(Sell,7)"
"Set3","10-02 Day","ZIL",2,"10-03 Day","20%,(Wait,7)","53%,(Sell,18)","22%,(Wait,8)"
"Set3","10-02 Day","ZIL",3,"10-04 Day","15%,(Wait,5)","44%,(Sell,15)","30%,(Wait,12)"
"Set3","10-02 Day","ZIL",4,"10-05 Day","15%,(Wait,5)","45%,(Wait,17)","20%,(Wait,5)"
"Set3","10-02 Day","ZIL",5,"10-06 Day","26%,(Wait,8)","65%,(Sell,17)","27%,(Sell,7)"
"Set3","10-02 Day","ZIL",6,"10-07 Day","52%,(Sell,16)","57%,(Sell,12)","10%,(Wait,3)"
"Set3","10-02 Day","ZK",1,"10-03 Day","27%,(Sell,14)","31%,(Sell,15)","27%,(Sell,13)"
"Set3","10-02 Day","ZK",2,"10-04 Day","66%,(Buy,31)","39%,(Wait,13)","39%,(Wait,13)"
"Set3","10-02 Day","ZK",3,"10-05 Day","67%,(Wait,24)","65%,(Wait,22)","32%,(Wait,11)"
"Set3","10-02 Day","ZK",4,"10-06 Day","57%,(Sell,17)","71%,(Sell,15)","33%,(Wait,13)"
"Set3","10-02 Day","ZK",5,"10-07 Day","19%,(Sell,4)","44%,(Sell,11)","25%,(Wait,8)"
"Set3","10-02 Day","ZK",6,"10-08 Day","26%,(Sell,6)","31%,(Sell,4)","16%,(Sell,3)"
"Set3","10-02 Day","ZKC",1,"10-02 Day","55%,(Wait,27)","17%,(Sell,9)","59%,(Wait,26)"
"Set3","10-02 Day","ZKC",2,"10-03 Day","42%,(Sell,11)","10%,(Sell,4)","73%,(Buy,30)"
"Set3","10-02 Day","ZKC",3,"10-04 Day","56%,(Sell,14)","16%,(Sell,6)","57%,(Wait,25)"
"Set3","10-02 Day","ZKC",4,"10-05 Day","34%,(Wait,11)","28%,(Sell,12)","48%,(Wait,20)"
"Set3","10-02 Day","ZKC",5,"10-06 Day","62%,(Sell,18)","19%,(Wait,6)","42%,(Wait,16)"
"Set3","10-02 Day","ZKC",6,"10-07 Day","65%,(Wait,20)","41%,(Sell,12)","33%,(Sell,6)"
"Set3","10-02 Day","ZKP",1,"10-02 Day","48%,(Wait,23)","39%,(Wait,15)","54%,(Wait,26)"
"Set3","10-02 Day","ZKP",2,"10-03 Day","55%,(Sell,17)","39%,(Wait,15)","50%,(Sell,14)"
"Set3","10-02 Day","ZKP",3,"10-04 Day","68%,(Wait,25)","52%,(Sell,14)","36%,(Sell,5)"
"Set3","10-02 Day","ZKP",4,"10-05 Day","52%,(Sell,12)","63%,(Sell,17)","32%,(Sell,6)"
"Set3","10-02 Day","ZKP",5,"10-06 Day","43%,(Wait,16)","80%,(Wait,20)","30%,(Wait,9)"
"Set3","10-02 Day","ZKP",6,"10-07 Day","31%,(Wait,12)","70%,(Sell,16)","18%,(Wait,6)"
"Set3","10-02 Day","ZORA",1,"10-02 Day","37%,(Sell,19)","26%,(Sell,13)","44%,(Wait,23)"
"Set3","10-02 Day","ZORA",2,"10-03 Day","41%,(Wait,16)","25%,(Sell,13)","31%,(Sell,14)"
"Set3","10-02 Day","ZORA",3,"10-04 Day","48%,(Sell,10)","29%,(Wait,10)","23%,(Wait,7)"
"Set3","10-02 Day","ZORA",4,"10-05 Day","60%,(Sell,6)","14%,(Sell,3)","29%,(Sell,4)"
"Set3","10-02 Day","ZORA",5,"10-06 Day","67%,(Sell,6)","42%,(Sell,5)","0%,(Sell,0)"
"Set3","10-02 Day","ZORA",6,"10-07 Day","73%,(Sell,11)","52%,(Sell,11)","29%,(Sell,2)"
"Set3","10-02 Day","ZRC",1,"10-03 Day","42%,(Wait,22)","81%,(Buy,42)","44%,(Wait,23)"
"Set3","10-02 Day","ZRC",2,"10-04 Day","75%,(Wait,27)","47%,(Wait,21)","65%,(Sell,17)"
"Set3","10-02 Day","ZRC",3,"10-05 Day","73%,(Wait,24)","31%,(Sell,5)","62%,(Wait,24)"
"Set3","10-02 Day","ZRC",4,"10-06 Day","9%,(Wait,2)","58%,(Sell,7)","32%,(Sell,14)"
"Set3","10-02 Day","ZRC",5,"10-07 Day","3%,(Sell,1)","29%,(Sell,2)","16%,(Sell,6)"
"Set3","10-02 Day","ZRC",6,"10-08 Day","15%,(Wait,4)","78%,(Sell,14)","17%,(Wait,5)"
"Set3","10-02 Day","ZRO",1,"10-03 Day","56%,(Wait,29)","50%,(Wait,26)","8%,(Sell,4)"
"Set3","10-02 Day","ZRO",2,"10-04 Day","52%,(Wait,23)","43%,(Wait,15)","10%,(Sell,4)"
"Set3","10-02 Day","ZRO",3,"10-05 Day","58%,(Sell,19)","40%,(Sell,10)","26%,(Wait,9)"
"Set3","10-02 Day","ZRO",4,"10-06 Day","35%,(Sell,9)","48%,(Sell,14)","36%,(Sell,8)"
"Set3","10-02 Day","ZRO",5,"10-07 Day","5%,(Sell,1)","25%,(Sell,5)","18%,(Sell,2)"
"Set3","10-02 Day","ZRO",6,"10-08 Day","18%,(Sell,2)","54%,(Sell,13)","23%,(Sell,5)"
"Set3","10-02 Day","ZRX",1,"10-02 Day","54%,(Wait,27)","48%,(Wait,25)","69%,(Buy,36)"
"Set3","10-02 Day","ZRX",2,"10-03 Day","34%,(Wait,13)","18%,(Wait,6)","42%,(Wait,16)"
"Set3","10-02 Day","ZRX",3,"10-04 Day","22%,(Wait,8)","19%,(Wait,6)","20%,(Wait,6)"
"Set3","10-02 Day","ZRX",4,"10-05 Day","23%,(Sell,10)","28%,(Wait,11)","10%,(Sell,4)"
"Set3","10-02 Day","ZRX",5,"10-06 Day","21%,(Sell,8)","23%,(Sell,5)","9%,(Sell,3)"
"Set3","10-02 Day","ZRX",6,"10-07 Day","28%,(Sell,7)","26%,(Wait,7)","14%,(Wait,4)"
